Store,Dept,Date,Weekly_Sales,Predicted_Weekly_Sales,Demand_Change
15,45,2011-11-11,19.86,29.65006466297168,9.79006466297168
25,51,2011-11-18,7.0,28.95074804316504,21.95074804316504
26,50,2011-11-18,-79.0,749.0305186640542,828.0305186640542
6,45,2011-11-25,11.97,41.99255328742409,30.02255328742409
7,19,2011-12-02,-6.94,51.29282135801147,58.23282135801147
15,51,2011-12-16,9.96,28.947743896009232,18.98774389600923
23,48,2011-12-16,-44.91,64.38494988667823,109.29494988667822
22,51,2011-12-23,9.96,29.079887585908363,19.119887585908362
23,51,2011-12-23,29.96,53.20558303094815,23.245583030948147
9,45,2011-12-23,11.97,26.743846086479405,14.773846086479404
35,51,2011-12-23,9.96,28.972650485813016,19.012650485813015
14,78,2011-12-30,12.88,28.125754856335274,15.245754856335273
37,22,2011-12-30,51.52,205.75653368309028,154.23653368309027
37,26,2011-12-30,57.0,31.824073964616947,-25.175926035383053
33,9,2011-12-30,2.28,28.728110849844526,26.448110849844525
33,25,2011-12-30,4.0,28.728110849844526,24.728110849844526
33,56,2011-12-30,9.0,485.7695641077898,476.7695641077898
42,22,2011-12-30,38.64,68.29889070450444,29.658890704504444
19,51,2012-01-06,9.96,29.196713407312505,19.236713407312504
9,98,2012-01-06,0.5,60.82981930367803,60.32981930367803
34,45,2012-01-13,11.97,29.352680925371534,17.38268092537153
17,78,2012-01-13,-19.76,26.306726311002866,46.06672631100287
25,19,2012-01-13,1.5,29.36510377345107,27.86510377345107
19,48,2012-01-20,462.0,802.981454256153,340.98145425615303
29,47,2012-01-27,-15.0,39.57479945952231,54.57479945952231
24,47,2012-02-03,-109.0,23.274791280137794,132.2747912801378
36,2,2012-02-03,12611.06,12566.175447637353,-44.88455236264599
36,3,2012-02-03,411.7,645.2000154276353,233.50001542763533
36,5,2012-02-03,151.25,312.53191184326204,161.28191184326204
36,7,2012-02-03,433.11,412.3949839566706,-20.7150160433294
36,8,2012-02-03,3463.09,3284.842764627927,-178.2472353720732
36,10,2012-02-03,131.36,222.12657169539025,90.76657169539024
36,11,2012-02-03,259.77,300.08663960234986,40.31663960234988
36,12,2012-02-03,32.33,38.47666623663871,6.146666236638708
36,4,2012-02-03,8128.68,9229.464383699948,1100.7843836999473
36,1,2012-02-03,2156.11,2520.355442385279,364.2454423852787
43,31,2012-02-03,26.5,33.198197128718775,6.698197128718775
43,28,2012-02-03,2.97,30.221627343371736,27.251627343371737
37,81,2012-02-03,11758.9,11499.124806771055,-259.7751932289448
37,8,2012-02-03,16957.4,16743.53422913235,-213.865770867651
37,9,2012-02-03,14.06,60.87551111121868,46.815511111218676
37,6,2012-02-03,7.94,41.275018693382556,33.33501869338256
37,7,2012-02-03,565.52,547.074927660366,-18.445072339633953
37,11,2012-02-03,1548.94,1911.003705558031,362.06370555803096
37,12,2012-02-03,246.23,278.35089219774454,32.12089219774455
37,13,2012-02-03,16333.93,16889.7555070369,555.8255070369014
37,14,2012-02-03,1390.43,1568.9916216939016,178.56162169390154
37,10,2012-02-03,384.29,436.57980147656593,52.28980147656591
37,1,2012-02-03,11328.25,10671.255270996395,-656.9947290036052
37,94,2012-02-03,33977.39,34309.76754680124,332.3775468012391
37,2,2012-02-03,17182.0,16761.31234292033,-420.6876570796703
37,93,2012-02-03,22718.26,23462.164682226266,743.904682226268
37,92,2012-02-03,66528.56,66394.61970199259,-133.94029800740827
36,96,2012-02-03,13675.62,14392.295777221649,716.6757772216479
36,97,2012-02-03,4891.52,5238.9891564689115,347.469156468911
36,98,2012-02-03,6898.44,8121.574008351398,1223.1340083513987
37,3,2012-02-03,1268.44,1433.338909249506,164.898909249506
37,90,2012-02-03,48684.07,49521.19944884221,837.1294488422136
37,87,2012-02-03,1154.06,1153.1967130641308,-0.8632869358691551
37,85,2012-02-03,183.96,192.3147645459686,8.354764545968578
37,83,2012-02-03,2629.97,2393.920855672329,-236.049144327671
37,82,2012-02-03,5674.45,6656.2959112503595,981.8459112503597
37,4,2012-02-03,19500.95,19311.72678883549,-189.22321116450985
37,5,2012-02-03,1069.34,870.9185547061772,-198.42144529382267
37,91,2012-02-03,33180.04,31600.02459400056,-1580.015405999442
37,52,2012-02-03,23.73,31.639240053322247,7.909240053322247
37,49,2012-02-03,2.97,29.435354640316795,26.465354640316797
37,46,2012-02-03,8178.67,9095.546674984027,916.876674984027
37,31,2012-02-03,326.36,385.9284419832469,59.568441983246885
37,28,2012-02-03,159.86,192.19945056500512,32.33945056500511
37,25,2012-02-03,96.95,61.64168159773261,-35.308318402267396
37,27,2012-02-03,38.45,40.18098237384013,1.7309823738401278
37,60,2012-02-03,702.0,840.0773293796577,138.07732937965773
37,59,2012-02-03,147.98,394.94839522746986,246.96839522746987
37,56,2012-02-03,177.1,51.62031533532428,-125.47968466467572
37,38,2012-02-03,80830.71,69535.28518538314,-11295.424814616868
37,40,2012-02-03,29566.69,28348.658672319074,-1218.0313276809247
37,42,2012-02-03,101.33,122.76882718136217,21.43882718136217
37,16,2012-02-03,1474.68,1673.0299065828456,198.3499065828455
37,17,2012-02-03,234.92,288.3149304435127,53.39493044351272
37,80,2012-02-03,10907.44,10859.615514036906,-47.82448596309405
37,74,2012-02-03,578.77,764.2812756752003,185.5112756752003
37,72,2012-02-03,216.06,268.6177270842173,52.55772708421728
37,79,2012-02-03,9195.99,8685.738993794606,-510.2510062053934
37,23,2012-02-03,120.75,61.837205788766234,-58.912794211233766
37,67,2012-02-03,2638.58,1813.5596937340945,-825.0203062659054
37,21,2012-02-03,1838.93,1856.0856372943826,17.155637294382586
37,18,2012-02-03,459.49,248.6294868863357,-210.8605131136643
37,20,2012-02-03,6.0,763.1427677825461,757.1427677825461
36,67,2012-02-03,361.83,725.4531541905966,363.6231541905966
36,60,2012-02-03,117.0,251.56208696282664,134.56208696282664
36,55,2012-02-03,27.76,80.79262327216524,53.03262327216524
36,17,2012-02-03,330.1,380.1871420923462,50.0871420923462
36,82,2012-02-03,4303.45,5178.006676879086,874.5566768790859
36,74,2012-02-03,493.13,629.5669490749647,136.43694907496467
36,80,2012-02-03,17317.17,17831.643913531687,514.4739135316886
36,81,2012-02-03,10589.2,11033.252819423435,444.0528194234339
36,79,2012-02-03,20675.41,15842.125891170104,-4833.284108829896
36,25,2012-02-03,5.92,29.60047709973051,23.68047709973051
36,20,2012-02-03,48.0,42.14135825301615,-5.858641746983849
36,26,2012-02-03,263.11,220.53043824747132,-42.57956175252869
36,18,2012-02-03,268.0,342.47353343691327,74.47353343691327
36,21,2012-02-03,188.65,297.30342107911343,108.65342107911343
36,31,2012-02-03,81.0,43.06646986581928,-37.93353013418072
36,46,2012-02-03,2009.94,1906.9735594791193,-102.96644052088072
36,38,2012-02-03,22948.45,19934.01872304544,-3014.4312769545613
36,40,2012-02-03,10323.81,10872.687806987651,548.8778069876516
36,42,2012-02-03,52.22,85.35026987118391,33.13026987118391
37,95,2012-02-03,53357.27,50640.3575184065,-2716.9124815934993
36,90,2012-02-03,30062.07,31530.353355381627,1468.2833553816272
36,91,2012-02-03,7761.64,9368.841958246245,1607.2019582462444
36,87,2012-02-03,309.96,431.5363658216038,121.57636582160382
37,96,2012-02-03,19981.14,21792.330683634096,1811.1906836340968
36,95,2012-02-03,29529.35,33053.72043462324,3524.3704346232407
36,92,2012-02-03,33445.21,39300.05004614619,5854.840046146193
36,93,2012-02-03,17686.51,18617.330835423778,930.8208354237795
36,94,2012-02-03,34420.89,36936.850307060355,2515.9603070603553
36,13,2012-02-03,10846.55,11356.622586879765,510.07258687976537
37,97,2012-02-03,14279.09,14265.482384924602,-13.607615075397916
36,14,2012-02-03,1166.37,1430.942237679897,264.57223767989717
37,98,2012-02-03,5469.95,5060.217317252483,-409.7326827475172
36,83,2012-02-03,1741.69,1881.6081476638599,139.91814766385983
36,16,2012-02-03,364.44,575.0733321189476,210.63333211894764
38,26,2012-02-10,7.94,28.78012761051928,20.84012761051928
31,78,2012-02-10,7.0,24.913163701771335,17.913163701771335
5,47,2012-02-17,204.5,30.0743387871795,-174.4256612128205
35,19,2012-02-17,-2.97,19.42141554099446,22.39141554099446
31,77,2012-02-17,9.94,2380.5029051234637,2370.5629051234637
33,11,2012-02-17,134.69,241.32753704315817,106.63753704315818
33,10,2012-02-17,57.9,67.63362194676535,9.733621946765346
33,8,2012-02-17,4053.86,4701.911256292789,648.0512562927893
33,7,2012-02-17,240.56,420.5453672029443,179.9853672029443
33,5,2012-02-17,60.0,191.3923656814041,131.3923656814041
33,4,2012-02-17,6368.07,6886.9037122013915,518.8337122013918
33,3,2012-02-17,335.18,502.7755010274661,167.59550102746607
33,2,2012-02-17,7982.68,8843.197208365293,860.5172083652924
33,1,2012-02-17,6971.28,3314.908544750941,-3656.3714552490587
33,12,2012-02-17,21.75,32.74400747317968,10.994007473179678
33,98,2012-02-17,7935.59,6960.770627641059,-974.8193723589411
33,97,2012-02-17,5151.84,5217.697697651374,65.85769765137411
33,96,2012-02-17,9355.51,9610.634082748771,255.1240827487709
33,95,2012-02-17,25146.47,28672.59791206911,3526.1279120691106
33,94,2012-02-17,25914.88,23806.766473136853,-2108.113526863148
33,93,2012-02-17,21975.67,22315.083538009254,339.4135380092557
33,92,2012-02-17,33294.0,38299.30414678264,5005.304146782641
33,91,2012-02-17,9779.94,10449.527773254682,669.5877732546815
33,90,2012-02-17,24120.83,25909.403338443408,1788.573338443406
33,87,2012-02-17,165.51,307.95559562179204,142.44559562179205
33,83,2012-02-17,1520.44,1663.3699859997612,142.92998599976113
33,82,2012-02-17,3653.13,3531.6645769813736,-121.46542301862655
33,81,2012-02-17,8775.53,9642.075282263344,866.5452822633433
33,80,2012-02-17,7252.18,8471.212026762136,1219.0320267621355
33,33,2012-02-17,15.44,29.024441463542736,13.584441463542737
33,26,2012-02-17,116.4,238.41760110686081,122.01760110686081
33,38,2012-02-17,19994.23,22231.94419328402,2237.7141932840204
33,24,2012-02-17,8.47,29.024441463542736,20.554441463542737
33,21,2012-02-17,120.56,227.5172182984313,106.95721829843129
33,20,2012-02-17,53.98,55.187362497095684,1.207362497095687
33,18,2012-02-17,2494.1,440.363665899842,-2053.736334100158
33,17,2012-02-17,275.78,394.941276684646,119.16127668464605
33,16,2012-02-17,329.06,591.6170107905527,262.55701079055274
33,14,2012-02-17,915.94,805.4855409192703,-110.45445908072975
33,13,2012-02-17,7455.71,8258.236506574665,802.5265065746653
33,22,2012-02-17,73.64,49.59689728988255,-24.043102710117452
33,40,2012-02-17,8177.24,8701.141196386277,523.9011963862777
33,79,2012-02-17,11961.04,11670.773315319273,-290.26668468072785
33,74,2012-02-17,276.99,454.3651688821116,177.3751688821116
33,67,2012-02-17,1492.95,789.1883565170634,-703.7616434829366
33,60,2012-02-17,81.0,182.73490017794168,101.73490017794168
33,59,2012-02-17,2.0,1258.766881344807,1256.766881344807
33,41,2012-02-17,30.0,42.0771318484801,12.0771318484801
33,55,2012-02-17,7.0,33.11762690289623,26.117626902896227
33,52,2012-02-17,62.93,33.74483608928865,-29.185163910711353
33,46,2012-02-17,2015.22,1988.954204752937,-26.265795247063124
33,44,2012-02-17,1.94,28.911301127241284,26.971301127241283
33,42,2012-02-17,71.87,60.46465052599979,-11.405349474000218
28,47,2012-02-17,21.0,1357.2360084279405,1336.2360084279405
9,47,2012-02-17,38.0,-2.6408801288103736,-40.64088012881037
12,77,2012-02-17,164.88,266.25636361788514,101.37636361788515
8,47,2012-02-17,199.0,39.166596155512934,-159.83340384448707
15,47,2012-02-24,298.0,1.8903509387782518,-296.1096490612218
38,27,2012-03-02,5.77,28.84231607593666,23.072316075936662
38,33,2012-03-02,2.5,28.82966161845578,26.32966161845578
30,18,2012-03-02,116.36,888.1610597229918,771.8010597229918
30,17,2012-03-02,14.18,31.473189417757307,17.293189417757308
30,20,2012-03-02,8.0,46.959023564794876,38.959023564794876
30,16,2012-03-02,1641.66,1083.9421722835207,-557.7178277164794
30,14,2012-03-02,876.3,824.2850350237684,-52.01496497623157
30,13,2012-03-02,11516.34,10493.18843530065,-1023.1515646993503
30,21,2012-03-02,1217.06,1232.0105581350883,14.950558135088386
30,12,2012-03-02,65.69,75.24871404356725,9.55871404356725
30,6,2012-03-02,14.88,29.117273591163553,14.237273591163552
30,5,2012-03-02,583.24,792.393712032573,209.15371203257303
30,4,2012-03-02,13340.99,12937.920020517347,-403.06997948265234
30,11,2012-03-02,474.65,863.7423254176309,389.09232541763095
30,10,2012-03-02,266.26,269.6538757034135,3.393875703413528
30,9,2012-03-02,23.7,44.43518359461367,20.73518359461367
30,8,2012-03-02,12185.31,11552.527655457976,-632.7823445420236
30,7,2012-03-02,308.21,223.0456577216232,-85.16434227837678
30,22,2012-03-02,12.88,31.190639471158264,18.31063947115826
30,60,2012-03-02,549.0,651.2670071172116,102.26700711721162
30,59,2012-03-02,20.38,29.28463352920568,8.904633529205682
30,56,2012-03-02,54.0,417.2734602092404,363.2734602092404
30,52,2012-03-02,20.4,33.827309440694684,13.427309440694685
30,67,2012-03-02,855.02,1964.2742080825974,1109.2542080825974
30,80,2012-03-02,7116.92,7807.70394676723,690.7839467672302
30,79,2012-03-02,6135.44,5589.162091615193,-546.2779083848063
30,74,2012-03-02,99.03,180.26738737991548,81.23738737991548
30,72,2012-03-02,57.83,64.95328814258255,7.1232881425825525
30,32,2012-03-02,64.83,32.310246995957115,-32.51975300404288
30,31,2012-03-02,30.88,95.76168302769528,64.88168302769529
30,28,2012-03-02,91.91,72.33996902570266,-19.57003097429734
30,25,2012-03-02,17.76,35.06600060919625,17.30600060919625
30,23,2012-03-02,30.0,32.58680405980939,2.5868040598093884
30,38,2012-03-02,58341.18,67522.44212825419,9181.262128254188
30,49,2012-03-02,28.79,29.38288192939784,0.5928819293978407
30,46,2012-03-02,6565.35,5891.00200510771,-674.3479948922904
30,42,2012-03-02,72.69,77.79492659381287,5.104926593812877
30,40,2012-03-02,27010.43,25181.851219681525,-1828.5787803184758
30,3,2012-03-02,576.23,694.3619696949182,118.13196969491821
30,2,2012-03-02,13632.16,13737.971354971096,105.81135497109608
30,1,2012-03-02,8488.32,9573.224273354039,1084.904273354039
30,81,2012-03-02,11210.06,10666.80038357621,-543.2596164237893
30,98,2012-03-02,2796.41,3681.3376914936885,884.9276914936886
30,97,2012-03-02,13153.78,12780.93532572458,-372.8446742754204
30,96,2012-03-02,18247.18,16926.2274663168,-1320.9525336832012
30,95,2012-03-02,44324.75,44377.58649186451,52.8364918645093
30,94,2012-03-02,23797.9,24172.327190319957,374.4271903199551
30,85,2012-03-02,40.99,45.549991915863124,4.559991915863122
30,83,2012-03-02,1702.63,1933.4669435420706,230.83694354207046
30,82,2012-03-02,4217.27,4040.767644795573,-176.50235520442766
30,87,2012-03-02,432.14,478.2465063594847,46.10650635948474
30,90,2012-03-02,36233.09,39033.486719366025,2800.3967193660283
30,93,2012-03-02,22502.53,22772.847554051998,270.31755405199874
30,92,2012-03-02,56157.01,57293.854506822325,1136.8445068223227
30,91,2012-03-02,31241.21,31070.58288488392,-170.62711511607995
15,78,2012-03-02,5.0,30.96236516491518,25.96236516491518
44,60,2012-03-09,414.0,451.11105927538125,37.11105927538125
44,96,2012-03-09,2464.23,2049.7255835697697,-414.5044164302303
44,56,2012-03-09,162.29,56.779931356253705,-105.51006864374628
28,78,2012-03-09,5.0,28.974531869071313,23.974531869071313
44,95,2012-03-09,31412.59,32789.16668544384,1376.576685443837
44,93,2012-03-09,11546.52,12029.445499549061,482.925499549061
13,51,2012-03-09,7.12,99.20080590582207,92.08080590582206
44,52,2012-03-09,26.23,31.573726063292888,5.343726063292888
44,94,2012-03-09,22348.66,25019.06180639509,2670.40180639509
44,59,2012-03-09,144.06,195.13934049887487,51.07934049887487
44,27,2012-03-09,20.51,29.46052697502076,8.950526975020757
44,40,2012-03-09,16635.23,17295.89416571471,660.664165714712
44,21,2012-03-09,967.65,784.7626920292655,-182.88730797073447
44,67,2012-03-09,837.34,1748.8721042449633,911.5321042449633
44,25,2012-03-09,41.01,41.29304737172738,0.2830473717273847
44,87,2012-03-09,219.4,541.6305135790026,322.2305135790026
44,38,2012-03-09,41775.37,52718.341521187715,10942.971521187712
44,74,2012-03-09,220.62,265.6679878085625,45.04798780856248
44,72,2012-03-09,157.87,447.97787724810235,290.10787724810234
44,90,2012-03-09,33114.19,36391.68541932904,3277.4954193290396
44,28,2012-03-09,107.54,65.25522247430511,-42.28477752569489
44,79,2012-03-09,4831.86,4666.350248163627,-165.50975183637274
44,85,2012-03-09,61.49,241.37454052179874,179.88454052179873
44,32,2012-03-09,55.0,44.41107144485162,-10.588928555148378
44,80,2012-03-09,4456.98,5057.50243446201,600.5224344620101
44,13,2012-03-09,7094.73,7770.6636741777365,675.933674177737
44,14,2012-03-09,514.21,730.4353612502186,216.2253612502186
44,46,2012-03-09,6750.33,7074.9589586380325,324.6289586380326
44,92,2012-03-09,42977.0,44823.042533394306,1846.0425333943058
44,12,2012-03-09,88.66,75.76122773919909,-12.89877226080091
44,97,2012-03-09,6393.19,7361.126481642953,967.9364816429534
44,91,2012-03-09,17958.11,19531.406044948035,1573.2960449480343
44,42,2012-03-09,8.14,31.030756463182765,22.890756463182765
44,82,2012-03-09,4600.96,3981.3467720259114,-619.6132279740887
44,18,2012-03-09,170.78,564.6339675112533,393.85396751125336
44,83,2012-03-09,979.02,1025.7790609060798,46.75906090607987
44,16,2012-03-09,497.32,737.7631045851224,240.4431045851224
44,98,2012-03-09,2976.1,3164.0490804131628,187.94908041316285
44,17,2012-03-09,217.94,354.3883097259667,136.44830972596668
44,81,2012-03-09,7807.77,8263.227726218252,455.457726218252
42,92,2012-03-09,108151.4,94996.44413132464,-13154.955868675359
42,93,2012-03-09,42183.32,35150.04302324422,-7033.276976755777
42,98,2012-03-09,7019.27,7722.006801759987,702.7368017599865
42,94,2012-03-09,39867.69,39726.54110281821,-141.14889718178893
42,95,2012-03-09,71930.79,67322.05523592641,-4608.7347640735825
42,97,2012-03-09,20910.36,17781.353804072027,-3129.0061959279737
42,96,2012-03-09,15658.24,16880.211618853235,1221.9716188532348
42,91,2012-03-09,51715.42,46381.790367192785,-5333.629632807213
42,3,2012-03-09,851.69,834.4615082442914,-17.22849175570866
42,4,2012-03-09,16828.02,16134.589306719887,-693.4306932801137
42,5,2012-03-09,905.59,1238.2115045399007,332.6215045399007
42,7,2012-03-09,424.95,656.9023104648841,231.95231046488408
42,8,2012-03-09,20662.42,21449.264346315194,786.8443463151962
42,9,2012-03-09,111.95,94.041989564551,-17.908010435449
42,10,2012-03-09,435.97,512.5139736930277,76.54397369302762
42,11,2012-03-09,870.46,917.3312986691622,46.871298669162115
42,12,2012-03-09,149.75,192.0796435758691,42.32964357586911
42,13,2012-03-09,16788.95,16895.15067219585,106.20067219584962
42,14,2012-03-09,1850.88,1821.662210235505,-29.217789764495137
42,2,2012-03-09,18278.58,17662.255809454135,-616.3241905458672
42,1,2012-03-09,10586.43,11915.344583628392,1328.9145836283915
42,16,2012-03-09,1115.84,925.168108482857,-190.67189151714297
42,46,2012-03-09,7951.64,7678.432706176639,-273.2072938233614
42,52,2012-03-09,26.51,38.498745545009655,11.988745545009653
42,56,2012-03-09,478.44,444.44436884175656,-33.99563115824344
42,59,2012-03-09,28.53,61.30238019863874,32.772380198638736
42,60,2012-03-09,351.0,426.8047954071289,75.80479540712889
42,67,2012-03-09,1090.76,1636.6009432101175,545.8409432101175
42,72,2012-03-09,-299.0,-55.50788558654848,243.49211441345153
42,74,2012-03-09,375.66,404.4269309959294,28.766930995929386
42,79,2012-03-09,15259.22,13841.956761756737,-1417.263238243262
42,80,2012-03-09,16251.87,15117.557666330677,-1134.3123336693243
42,81,2012-03-09,18750.37,16949.3012003338,-1801.0687996661982
42,42,2012-03-09,218.63,261.31390620417284,42.68390620417284
42,40,2012-03-09,24991.66,23462.15253809699,-1529.5074619030092
42,38,2012-03-09,45344.88,51288.860522979514,5943.9805229795165
42,17,2012-03-09,748.14,893.4616750282621,145.32167502826212
42,18,2012-03-09,264.31,580.5442825687071,316.2342825687071
42,21,2012-03-09,1320.46,1576.7976815312663,256.3376815312663
42,23,2012-03-09,80.57,49.68063850309741,-30.88936149690258
42,27,2012-03-09,21.08,38.984509897012025,17.904509897012026
42,28,2012-03-09,79.77,59.9717231225385,-19.798276877461497
42,31,2012-03-09,33.5,29.024441463542736,-4.475558536457264
42,32,2012-03-09,61.0,44.97834090903418,-16.02165909096582
42,25,2012-03-09,54.74,106.40797246595673,51.66797246595673
42,87,2012-03-09,1164.86,1542.6580611213462,377.79806112134634
42,85,2012-03-09,85.72,50.86042309201405,-34.85957690798595
42,90,2012-03-09,63461.15,59374.49228085425,-4086.6577191457545
42,83,2012-03-09,5630.7,4508.312861899226,-1122.3871381007739
44,11,2012-03-09,519.16,743.8984032687679,224.7384032687679
44,10,2012-03-09,184.52,248.10211263338763,63.582112633387624
44,3,2012-03-09,531.1,622.6708416154,91.57084161540001
44,2,2012-03-09,8900.24,10397.421033580915,1497.181033580915
44,1,2012-03-09,8060.55,9071.850187709964,1011.3001877099641
44,8,2012-03-09,5636.4,5138.279917259795,-498.12008274020445
44,7,2012-03-09,240.65,427.4732204823382,186.8232204823382
44,9,2012-03-09,73.53,36.33988533389854,-37.19011466610146
44,6,2012-03-09,29.7,33.79862369390403,4.0986236939040275
44,5,2012-03-09,516.36,865.9600438031263,349.60004380312625
44,4,2012-03-09,7691.13,8192.610932024645,501.48093202464497
42,82,2012-03-09,8674.19,8711.987683407253,37.79768340725241
4,77,2012-03-09,350.0,539.2343656711887,189.2343656711887
27,45,2012-03-16,11.97,38.00791198733646,26.037911987336464
15,77,2012-03-16,204.0,313.9996401643781,109.99964016437809
12,47,2012-03-16,548.0,-11.209584705002138,-559.2095847050022
8,78,2012-03-16,1.0,29.28463352920568,28.28463352920568
9,80,2012-03-16,-199.0,29.38838713888287,228.38838713888288
10,45,2012-03-23,10.47,29.024441463542736,18.554441463542737
32,78,2012-03-23,8.0,24.97092629040974,16.97092629040974
14,47,2012-03-23,-65.0,-20.808872970804874,44.19112702919513
8,51,2012-04-13,1.0,31.103186219830015,30.103186219830015
27,78,2012-04-13,7.0,29.75617246660953,22.75617246660953
40,51,2012-04-13,4.16,28.967386870096057,24.807386870096057
43,72,2012-04-20,142.52,518.6083548790667,376.08835487906674
27,77,2012-04-20,175.0,441.8009264051633,266.8009264051633
43,67,2012-04-20,996.63,1210.4956035189175,213.8656035189175
43,79,2012-04-20,11412.37,13444.708785245633,2032.3387852456326
43,80,2012-04-20,18783.89,16911.802937876684,-1872.0870621233153
43,74,2012-04-20,802.31,832.3239528446095,30.01395284460955
43,42,2012-04-20,99.29,364.11900419374354,264.8290041937435
43,40,2012-04-20,18025.93,19407.661189619652,1381.7311896196516
43,32,2012-04-20,0.93,37.899141569185154,36.969141569185155
6,78,2012-04-20,7.0,36.08842754023798,29.08842754023798
43,38,2012-04-20,64235.36,89124.17149627111,24888.81149627111
43,60,2012-04-20,288.0,551.544885309123,263.54488530912295
43,56,2012-04-20,153.32,414.9335600504042,261.6135600504042
43,46,2012-04-20,7286.73,7770.906881440783,484.1768814407833
43,52,2012-04-20,4.11,37.68525137433391,33.57525137433391
43,94,2012-04-20,50020.47,52052.246077354,2031.7760773539994
43,92,2012-04-20,86058.55,105674.56980277781,19616.01980277781
43,93,2012-04-20,35791.4,37174.412312303124,1383.0123123031226
43,91,2012-04-20,36799.47,37428.55421347043,629.084213470429
43,98,2012-04-20,7781.7,9817.888832895105,2036.1888328951054
43,97,2012-04-20,19712.71,20497.25628299755,784.5462829975513
43,95,2012-04-20,72880.92,95295.34246528166,22414.422465281663
43,96,2012-04-20,22126.92,24749.833099359214,2622.9130993592153
43,83,2012-04-20,4998.79,5801.405666556249,802.6156665562494
43,82,2012-04-20,8343.49,8898.660090944748,555.1700909447482
43,81,2012-04-20,19994.27,21716.090510941238,1721.8205109412374
45,77,2012-04-20,175.0,301.0519620190493,126.05196201904931
43,87,2012-04-20,39.76,48.188805388702825,8.428805388702827
43,85,2012-04-20,2.27,35.571481697471484,33.30148169747148
43,90,2012-04-20,65148.13,85166.73982511989,20018.609825119893
31,47,2012-04-20,7.5,41.27580917956311,33.77580917956311
5,19,2012-04-20,10.0,36.393799650472275,26.393799650472275
3,51,2012-04-20,1.86,35.97528720393652,34.11528720393652
38,16,2012-04-20,764.45,873.8088442305387,109.3588442305387
38,14,2012-04-20,863.0,1239.1723823754232,376.17238237542324
38,13,2012-04-20,10633.94,12261.121521062963,1627.181521062963
38,12,2012-04-20,88.1,78.57430107691526,-9.525698923084732
38,11,2012-04-20,606.59,745.6148969457887,139.02489694578867
38,10,2012-04-20,377.92,583.7819826354865,205.86198263548653
38,9,2012-04-20,17.73,104.06450297093484,86.33450297093484
38,17,2012-04-20,445.83,619.9820471802708,174.1520471802708
4,47,2012-04-20,-298.0,25.45982133626421,323.4598213362642
38,20,2012-04-20,179.76,191.3015651655522,11.541565165552214
38,44,2012-04-20,9.88,35.67480911550417,25.794809115504165
38,42,2012-04-20,92.49,318.0357368970539,225.54573689705387
38,40,2012-04-20,16410.45,20997.160121073972,4586.710121073971
38,38,2012-04-20,57452.96,93993.80349048354,36540.84349048354
38,32,2012-04-20,96.52,96.55661243828344,0.036612438283441406
38,31,2012-04-20,38.0,40.19121972177765,2.1912197217776495
38,28,2012-04-20,58.64,114.81714214672766,56.17714214672766
38,25,2012-04-20,103.67,67.16260001045515,-36.50739998954485
38,23,2012-04-20,13.44,52.92751493660198,39.48751493660198
38,22,2012-04-20,9.88,40.41738495593043,30.537384955930428
38,21,2012-04-20,1126.81,1127.3621492446216,0.5521492446216598
38,18,2012-04-20,0.49,970.503435485713,970.013435485713
38,8,2012-04-20,9749.19,11441.931583366413,1692.7415833664127
38,7,2012-04-20,400.43,565.6696189940116,165.23961899401155
38,6,2012-04-20,34.76,49.641342849095196,14.881342849095198
38,5,2012-04-20,264.72,594.1959223624491,329.47592236244907
38,4,2012-04-20,11744.12,13537.68006054979,1793.5600605497893
38,3,2012-04-20,466.31,573.7595870510416,107.44958705104165
38,46,2012-04-20,5993.52,5756.5976562059395,-236.9223437940609
38,2,2012-04-20,11629.37,13535.217514913937,1905.8475149139358
38,1,2012-04-20,6544.07,10503.791596516749,3959.721596516749
38,49,2012-04-20,2.97,35.724343123440676,32.75434312344068
38,98,2012-04-20,4519.47,5425.547851258161,906.077851258161
38,97,2012-04-20,9881.61,10826.847074163848,945.2370741638479
38,96,2012-04-20,12075.1,14118.287519283407,2043.1875192834068
38,95,2012-04-20,44731.35,45970.90050506087,1239.55050506087
38,79,2012-04-20,9146.39,9753.110024887272,606.7200248872723
38,74,2012-04-20,364.0,616.0322266199123,252.0322266199123
38,72,2012-04-20,229.58,406.48139571318256,176.90139571318255
38,67,2012-04-20,702.5,793.5566287619155,91.05662876191548
38,60,2012-04-20,369.0,612.1812893047419,243.18128930474188
38,59,2012-04-20,76.53,49.24366893505871,-27.286331064941294
38,56,2012-04-20,4.96,525.4533709797757,520.4933709797757
38,52,2012-04-20,23.1,35.80696896654247,12.706968966542469
38,80,2012-04-20,11324.36,13735.933151447489,2411.5731514474883
38,94,2012-04-20,23170.73,23339.08805384642,168.35805384641935
38,93,2012-04-20,18806.26,22569.086479335954,3762.826479335956
38,92,2012-04-20,47560.02,49626.8163048894,2066.7963048894017
38,91,2012-04-20,25738.04,30825.040703075112,5087.000703075111
38,90,2012-04-20,37234.26,36898.45488491423,-335.80511508577183
38,87,2012-04-20,526.42,631.3485019314973,104.9285019314973
38,85,2012-04-20,53.48,137.67569435345857,84.19569435345858
38,83,2012-04-20,2283.43,2704.4706092926567,421.0406092926569
38,82,2012-04-20,5361.88,6799.127753438033,1437.2477534380332
38,81,2012-04-20,11213.32,12382.748229620734,1169.4282296207348
43,11,2012-04-20,538.89,628.2732072626349,89.38320726263487
43,13,2012-04-20,17758.23,17015.059291835874,-743.1707081641252
43,12,2012-04-20,49.81,76.73730871987495,26.927308719874944
43,14,2012-04-20,1467.44,1732.5837279202547,265.1437279202546
43,10,2012-04-20,454.63,620.3020864931489,165.67208649314887
43,7,2012-04-20,453.54,726.6819490446768,273.1419490446768
43,8,2012-04-20,13232.73,13509.493893520235,276.7638935202358
43,9,2012-04-20,279.59,531.5417746770377,251.9517746770377
43,21,2012-04-20,1568.83,1496.3649872518527,-72.46501274814727
43,22,2012-04-20,9.88,530.5194484652527,520.6394484652527
43,25,2012-04-20,49.64,42.97564987074276,-6.664350129257244
43,20,2012-04-20,132.0,58.324580955041164,-73.67541904495883
43,16,2012-04-20,2391.79,3714.176918325925,1322.3869183259249
43,17,2012-04-20,750.5,604.7166604169126,-145.78333958308735
43,18,2012-04-20,1197.94,4072.6550031509055,2874.7150031509054
43,5,2012-04-20,877.4,961.6802311989526,84.2802311989526
43,3,2012-04-20,843.1,754.1809059456292,-88.91909405437082
43,4,2012-04-20,17989.81,16945.837461807005,-1043.9725381929966
43,2,2012-04-20,20760.92,22760.311170274847,1999.3911702748483
43,1,2012-04-20,5408.07,9910.23597103559,4502.165971035591
19,78,2012-05-04,40.0,25.209829121669763,-14.790170878330237
11,45,2012-06-01,10.47,38.45486105144511,27.984861051445108
41,77,2012-06-01,8.44,881.3661912539056,872.9261912539056
19,19,2012-06-08,-1.94,9.043201541329825,10.983201541329825
32,48,2012-06-15,28.0,36.161328073275456,8.161328073275456
5,45,2012-06-15,95.76,38.59376371249088,-57.16623628750912
22,47,2012-06-15,-38.88,-53.51689947256901,-14.636899472569006
25,45,2012-06-15,47.88,41.75467816458358,-6.125321835416422
18,78,2012-06-15,3.0,34.58646929642018,31.586469296420177
17,47,2012-06-15,-68.0,24.053662890820497,92.0536628908205
24,45,2012-06-22,11.97,44.70214778297018,32.73214778297018
39,47,2012-06-22,18.0,29.360128436084228,11.360128436084228
25,47,2012-06-22,148.0,29.19301875389493,-118.80698124610507
12,78,2012-06-22,3.0,35.91367515617754,32.91367515617754
29,51,2012-07-06,2.0,35.938874884015796,33.938874884015796
22,45,2012-07-06,23.94,38.09367311280041,14.153673112800409
7,51,2012-07-06,1.98,36.597245197316695,34.6172451973167
35,47,2012-07-06,-118.0,56.306177730811335,174.30617773081133
26,45,2012-07-06,53.91,41.656938929516265,-12.253061070483731
18,45,2012-07-06,11.97,37.68525137433391,25.71525137433391
31,45,2012-07-06,10.47,36.23914865134909,25.76914865134909
35,96,2012-07-06,14.88,36.1511238885211,21.271123888521096
8,45,2012-07-06,11.97,36.23914865134909,24.26914865134909
16,51,2012-07-06,1.98,37.85785635592544,35.877856355925445
16,47,2012-07-13,375.0,-13.53070285480735,-388.5307028548074
28,45,2012-07-13,11.97,53.31572839090141,41.345728390901414
4,51,2012-07-13,3.96,36.079905905388486,32.119905905388485
34,51,2012-07-20,1.98,35.825530226615285,33.84553022661529
23,47,2012-07-20,279.0,44.203962023704314,-234.79603797629568
3,80,2012-07-20,12.0,36.23914865134909,24.23914865134909
11,78,2012-07-20,3.0,36.76691129758404,33.76691129758404
2,47,2012-07-20,156.0,58.6708421433977,-97.32915785660231
16,45,2012-07-20,10.94,36.68763400259372,25.74763400259372
20,45,2012-07-27,20.94,39.81261033471804,18.872610334718036
2,78,2012-07-27,6.0,36.7779141183063,30.7779141183063
41,47,2012-08-03,279.0,-23.458333149775,-302.458333149775
25,48,2012-08-03,-99.87,-22.706308755196225,77.16369124480377
12,49,2012-08-03,2.97,38.67113286153214,35.701132861532145
3,98,2012-08-03,21.5,50.19043585870714,28.69043585870714
5,98,2012-08-10,22.0,38.2930160019544,16.2930160019544
16,49,2012-08-10,14.85,65.72994564257897,50.87994564257897
11,51,2012-08-10,-3.0,36.87066490726122,39.87066490726122
39,51,2012-08-10,7.76,36.34290226102627,28.58290226102627
9,94,2012-08-10,65.84,733.4357069819822,667.5957069819822
13,47,2012-08-10,-98.0,1823.3448147250297,1921.3448147250297
20,77,2012-08-17,-175.0,2057.861745241487,2232.861745241487
12,45,2012-08-17,139.0,23.765594413244095,-115.23440558675591
17,54,2012-08-17,23.92,74.45233287807616,50.53233287807616
32,47,2012-08-17,-18.0,38.54984410541035,56.54984410541035
14,96,2012-08-17,1.98,35.78815377290468,33.80815377290468
39,45,2012-08-24,23.88,38.28537368407493,14.405373684074934
20,47,2012-08-24,-34.0,33.63462860964734,67.63462860964734
16,58,2012-08-24,600.0,672.1982252029196,72.19822520291962
17,51,2012-08-24,-5.36,36.08271019536333,41.44271019536333
19,47,2012-08-24,-649.0,852.9757950751314,1501.9757950751314
40,47,2012-08-24,30.92,44.17990963896477,13.259909638964771
17,94,2012-08-24,0.46,37.02414892581455,36.56414892581455
27,47,2012-08-24,0.0,-45.26816402233041,-45.26816402233041
5,59,2012-08-24,5.27,30.26491208293132,24.99491208293132
29,49,2012-08-31,4.96,-50.570761477711656,-55.53076147771166
26,99,2012-08-31,30.01,33.72562149522528,3.7156214952252817
40,99,2012-08-31,0.05,33.72562149522528,33.675621495225286
41,51,2012-09-07,-176.4,36.08433237940994,212.48433237940995
9,59,2012-09-07,-55.46,-22.86756284613756,32.59243715386244
45,47,2012-09-07,39.96,96.40136253249055,56.44136253249055
26,54,2012-09-07,9.88,38.56882070556005,28.688820705560047
2,99,2012-09-07,0.12,61.091821114635955,60.97182111463596
23,45,2012-09-07,10.47,37.92232253206134,27.452322532061338
45,45,2012-09-07,11.94,38.16265973483292,26.222659734832924
16,46,2012-09-07,11327.19,15967.29832751085,4640.10832751085
16,42,2012-09-07,4535.54,5684.261027280126,1148.7210272801258
16,41,2012-09-07,938.52,1117.029965646166,178.50996564616594
16,44,2012-09-07,3442.02,5034.630328940208,1592.6103289402076
16,48,2012-09-07,167.0,562.890208634398,395.89020863439805
16,54,2012-09-07,-30.92,47.99352240890446,78.91352240890447
16,55,2012-09-07,4376.18,6940.600008091453,2564.4200080914525
16,52,2012-09-07,1407.75,1759.407577590746,351.6575775907461
16,34,2012-09-07,5055.21,5554.11532970657,498.9053297065702
16,33,2012-09-07,1733.5,3055.8880085401242,1322.3880085401242
16,97,2012-09-07,2895.32,4223.02660683867,1327.7066068386698
15,54,2012-09-07,28.92,44.889409419018,15.969409419018
16,90,2012-09-07,8638.77,13663.856694159045,5025.086694159045
16,32,2012-09-07,3258.66,5380.832793271318,2122.1727932713184
16,38,2012-09-07,43583.57,71648.35634574493,28064.786345744935
16,40,2012-09-07,30636.07,41251.4785401305,10615.408540130498
16,95,2012-09-07,33228.3,46017.73790662629,12789.437906626285
14,54,2012-09-07,40.92,43.97928495821702,3.0592849582170203
16,35,2012-09-07,59.94,209.9735838580457,150.03358385804572
16,36,2012-09-07,939.18,804.8294778881201,-134.35052211187985
16,96,2012-09-07,189.74,382.4433061377427,192.7033061377427
16,94,2012-09-07,31.54,1304.4808817854596,1272.9408817854596
16,82,2012-09-07,9319.61,12685.038269869303,3365.4282698693023
16,81,2012-09-07,3868.75,5357.40517495128,1488.65517495128
16,92,2012-09-07,24557.39,31141.58035338216,6584.1903533821605
16,87,2012-09-07,10585.13,18327.007041726367,7741.877041726368
16,83,2012-09-07,203.7,270.0783601606533,66.3783601606533
16,91,2012-09-07,6150.43,10065.298784679262,3914.868784679262
16,85,2012-09-07,1925.26,2511.3568059003746,586.0968059003746
16,67,2012-09-07,2816.05,4405.820578066921,1589.7705780669212
21,47,2012-09-07,42.0,58.79177983420796,16.791779834207958
16,60,2012-09-07,36.0,231.59656463147553,195.59656463147553
16,71,2012-09-07,2466.68,6183.541116893535,3716.8611168935354
16,56,2012-09-07,1387.08,1453.5581890848473,66.47818908484737
16,59,2012-09-07,7.98,29.327268086339306,21.347268086339305
16,80,2012-09-07,661.53,688.217723939468,26.687723939468015
16,79,2012-09-07,4854.81,12961.897621976583,8107.087621976582
16,72,2012-09-07,27596.47,43236.49324194353,15640.023241943527
16,93,2012-09-07,1100.57,982.6520368451078,-117.91796315489216
16,74,2012-09-07,9834.25,13000.47149306069,3166.2214930606897
21,54,2012-09-07,10.0,60.93110809289621,50.93110809289621
16,12,2012-09-07,4838.71,6051.74395203601,1213.0339520360103
34,99,2012-09-07,0.04,39.869568263288045,39.829568263288046
16,11,2012-09-07,11605.48,12962.201721850366,1356.7217218503665
16,31,2012-09-07,680.8,930.4098202502475,249.6098202502476
16,16,2012-09-07,7100.0,11790.926147094684,4690.926147094684
16,18,2012-09-07,23.82,29.280538368377652,5.460538368377652
16,17,2012-09-07,8004.29,12219.365691409339,4215.075691409339
16,14,2012-09-07,7628.68,12070.48133257921,4441.801332579209
16,13,2012-09-07,16700.69,24186.651752669524,7485.961752669526
16,10,2012-09-07,12087.19,15861.525430904794,3774.3354309047936
16,1,2012-09-07,10112.67,12384.391851323171,2271.721851323171
16,6,2012-09-07,4680.71,4846.775127280147,166.06512728014695
16,4,2012-09-07,15363.26,25463.765484810356,10100.505484810355
16,3,2012-09-07,8774.57,23636.127822991373,14861.557822991374
16,2,2012-09-07,21830.64,30803.071027341335,8972.431027341336
16,5,2012-09-07,10222.86,18856.04208238937,8633.182082389369
16,9,2012-09-07,74836.87,88291.39780894983,13454.527808949832
16,7,2012-09-07,9063.87,12621.032978047779,3557.162978047778
16,8,2012-09-07,13680.45,18548.894747773204,4868.444747773203
16,25,2012-09-07,4372.64,6312.203959047048,1939.5639590470473
16,98,2012-09-07,20.4,37.40718971165406,17.007189711654064
16,26,2012-09-07,1584.57,1891.1347395779553,306.5647395779554
16,23,2012-09-07,9979.12,12659.97446243197,2680.8544624319693
16,24,2012-09-07,1820.27,4898.473654914324,3078.2036549143236
16,29,2012-09-07,1530.72,1553.1441358944505,22.4241358944505
16,30,2012-09-07,1108.76,1746.136859514897,637.376859514897
14,99,2012-09-07,20.14,1450.155564877032,1430.015564877032
16,28,2012-09-07,235.72,288.7190391598499,52.9990391598499
16,27,2012-09-07,823.54,756.8198970062602,-66.72010299373972
16,19,2012-09-07,1211.77,1410.1675799988911,198.39757999889116
16,20,2012-09-07,3707.05,5224.830542659178,1517.7805426591776
4,99,2012-09-07,0.07,2275.5371912585565,2275.4671912585563
16,22,2012-09-07,6883.07,12656.93554288179,5773.865542881791
16,21,2012-09-07,2840.62,4546.008774863682,1705.3887748636826
6,99,2012-09-14,0.04,65.0111554911621,64.9711554911621
24,99,2012-09-14,0.03,29.041676690012416,29.011676690012415
27,99,2012-09-14,0.07,49.87391013236371,49.80391013236371
39,99,2012-09-14,0.08,85.62577240127773,85.54577240127773
31,99,2012-09-14,0.08,36.03889353230147,35.958893532301474
1,99,2012-09-14,0.03,37.256077853881685,37.226077853881684
17,74,2012-09-21,16124.54,22706.779325524694,6582.239325524693
17,28,2012-09-21,926.31,799.439466811417,-126.87053318858295
5,92,2012-09-21,8499.71,9378.281803019428,878.5718030194294
17,71,2012-09-21,3427.92,5540.775166581747,2112.8551665817467
5,95,2012-09-21,19915.5,22101.45612089581,2185.956120895811
19,37,2012-09-21,3424.87,2481.3804194047248,-943.4895805952751
5,94,2012-09-21,139.68,1198.17522201595,1058.49522201595
19,40,2012-09-21,55426.97,56790.31798488408,1363.3479848840798
17,30,2012-09-21,2295.74,2599.218721432967,303.4787214329672
19,80,2012-09-21,21343.97,22295.04240256893,951.0724025689306
19,38,2012-09-21,70804.76,74368.94792328562,3564.18792328563
17,72,2012-09-21,56488.63,63902.64778223454,7414.017782234543
19,81,2012-09-21,21402.87,23026.612245262833,1623.7422452628343
17,29,2012-09-21,2434.56,2511.1505068881156,76.59050688811567
5,96,2012-09-21,7693.05,8838.6727590599,1145.6227590599
5,97,2012-09-21,660.96,775.8319449189073,114.87194491890727
19,85,2012-09-21,4057.19,5054.53794238231,997.3479423823096
17,25,2012-09-21,4693.26,5002.7242368036295,309.4642368036293
17,82,2012-09-21,20053.2,21554.28791249035,1501.0879124903477
19,35,2012-09-21,3418.09,2502.0043430778496,-916.0856569221505
17,81,2012-09-21,15357.53,15715.312840324792,357.7828403247913
19,34,2012-09-21,16664.55,16454.845207167928,-209.7047928320717
19,33,2012-09-21,4806.84,8336.980701996441,3530.140701996441
17,83,2012-09-21,681.34,766.2734357942844,84.93343579428438
17,24,2012-09-21,3779.54,4330.967727308936,551.4277273089365
19,87,2012-09-21,20888.73,22207.43575783326,1318.7057578332606
17,27,2012-09-21,1583.8,1558.444815090218,-25.355184909781883
17,79,2012-09-21,26445.05,25904.778877941768,-540.2711220582314
19,82,2012-09-21,23555.65,23194.037989642544,-361.6120103574576
17,80,2012-09-21,863.4,904.2717999651605,40.87179996516056
17,26,2012-09-21,9022.17,8135.559649896445,-886.610350103555
19,36,2012-09-21,1376.5,895.2147345159245,-481.28526548407547
19,83,2012-09-21,3479.39,3766.338325920649,286.94832592064904
5,34,2012-09-21,2908.7,3587.5786059070233,678.8786059070235
17,40,2012-09-21,56163.89,53231.269756659516,-2932.6202433404833
5,9,2012-09-21,9928.78,13282.726741963825,3353.946741963824
19,60,2012-09-21,378.0,707.4903081032312,329.4903081032312
5,35,2012-09-21,646.51,646.048712065932,-0.4612879340679683
19,50,2012-09-21,977.0,1193.2220650834988,216.22206508349882
17,52,2012-09-21,3361.65,3106.639713184169,-255.01028681583102
5,11,2012-09-21,6439.74,6545.705035405617,105.96503540561753
5,32,2012-09-21,2219.79,1862.2930185622536,-357.4969814377464
5,33,2012-09-21,1044.55,1881.5975842982118,837.0475842982119
19,59,2012-09-21,214.88,454.62472985948386,239.74472985948387
5,10,2012-09-21,8621.25,10766.683863609032,2145.4338636090324
5,8,2012-09-21,14784.41,15942.490465708745,1158.0804657087447
5,6,2012-09-21,409.03,706.7852481765464,297.7552481765464
5,41,2012-09-21,1567.64,1414.034591084278,-153.60540891572214
17,55,2012-09-21,7784.56,6687.381734494732,-1097.1782655052684
5,42,2012-09-21,2584.38,3297.5766887999953,713.1966887999952
5,40,2012-09-21,21352.05,21586.051886369656,234.00188636965686
5,36,2012-09-21,201.52,449.1895012951095,247.66950129510948
17,38,2012-09-21,81460.5,82523.72280486343,1063.2228048634279
5,38,2012-09-21,48492.74,60014.922643873804,11522.182643873806
5,7,2012-09-21,6544.11,5040.864933644889,-1503.2450663551108
19,49,2012-09-21,5355.24,6424.58877318525,1069.3487731852501
5,23,2012-09-21,5221.19,5752.500436414549,531.3104364145493
17,45,2012-09-21,17.94,29.12268986373489,11.18268986373489
18,47,2012-09-21,48.0,-113.12132330382575,-161.12132330382576
17,44,2012-09-21,7149.68,6314.379378242409,-835.3006217575912
19,56,2012-09-21,4516.44,3355.623020630458,-1160.8169793695415
5,16,2012-09-21,4286.44,6145.733003233304,1859.2930032333043
5,24,2012-09-21,1283.99,1536.761921559825,252.77192155982493
17,48,2012-09-21,2749.0,1880.0589750932936,-868.9410249067064
5,22,2012-09-21,1762.63,2325.4903943506083,562.8603943506082
17,46,2012-09-21,28424.63,29028.54632894237,603.9163289423705
5,20,2012-09-21,860.72,1151.1029344688654,290.3829344688654
5,21,2012-09-21,1147.92,1344.8302633678575,196.9102633678574
19,54,2012-09-21,34.92,39.51603313407943,4.596033134079427
5,17,2012-09-21,2509.94,2445.3964458836263,-64.5435541163738
19,55,2012-09-21,9047.89,10516.249468142485,1468.3594681424856
5,18,2012-09-21,584.25,103.71444252805773,-480.5355574719423
5,28,2012-09-21,156.05,267.59796807647416,111.54796807647415
19,58,2012-09-21,6230.0,4946.294509196236,-1283.7054908037644
5,29,2012-09-21,900.7,971.4221977068,70.72219770679999
5,31,2012-09-21,705.79,984.1553595943274,278.3653595943274
5,30,2012-09-21,1003.34,678.2655307613798,-325.0744692386203
17,41,2012-09-21,41.94,55.819067130913666,13.879067130913668
5,12,2012-09-21,2868.99,2702.1112607730665,-166.87873922693325
5,13,2012-09-21,12004.23,11423.26544265625,-580.9645573437501
5,14,2012-09-21,3713.02,3286.549237850035,-426.47076214996514
19,52,2012-09-21,1297.6,1683.5814656798054,385.9814656798055
17,49,2012-09-21,33.67,38.74041076861956,5.07041076861956
5,25,2012-09-21,2639.12,3071.943229865238,432.8232298652383
17,42,2012-09-21,3482.1,4429.584925835991,947.4849258359914
19,67,2012-09-21,10906.54,10997.756364737861,91.2163647378602
5,27,2012-09-21,244.99,566.2951789463871,321.30517894638706
5,26,2012-09-21,1584.04,1393.7540947008395,-190.2859052991605
17,36,2012-09-21,676.19,506.2092560865544,-169.98074391344568
5,79,2012-09-21,5386.99,5202.097163715145,-184.89283628485464
17,60,2012-09-21,531.0,582.8677894998185,51.867789499818514
5,81,2012-09-21,2786.38,3467.519721048309,681.1397210483087
17,32,2012-09-21,5666.85,7270.046128541684,1603.1961285416837
19,74,2012-09-21,18601.85,19886.544872833932,1284.694872833934
5,72,2012-09-21,12019.68,11220.532309048189,-799.1476909518115
5,74,2012-09-21,3017.91,3639.66011665125,621.7501166512502
17,33,2012-09-21,4342.2,6212.50271328441,1870.30271328441
19,42,2012-09-21,7139.53,6281.912583901392,-857.6174160986075
5,90,2012-09-21,3310.9,3664.979162693319,354.0791626933187
17,31,2012-09-21,1238.61,1733.091012769912,494.481012769912
19,79,2012-09-21,18017.97,20060.17875645049,2042.2087564504873
5,91,2012-09-21,1542.45,1724.7546014718914,182.30460147189137
5,82,2012-09-21,4705.87,4643.4982718070705,-62.37172819292937
17,67,2012-09-21,7192.37,6195.61093864822,-996.7590613517796
19,41,2012-09-21,5410.89,5361.555587613549,-49.33441238645173
5,87,2012-09-21,9859.39,11317.587277064797,1458.1972770647972
5,85,2012-09-21,415.06,639.9840392318633,224.92403923186333
17,59,2012-09-21,580.99,426.6542002554394,-154.33579974456063
5,71,2012-09-21,234.86,619.5402313660762,384.6802313660762
5,3,2012-09-21,3976.11,8147.081894909196,4170.971894909197
5,49,2012-09-21,10.0,40.5975873050228,30.5975873050228
5,54,2012-09-21,38.92,41.29627689772233,2.3762768977223274
5,52,2012-09-21,452.58,553.9640626279624,101.38406262796246
5,2,2012-09-21,12396.17,13314.752771021558,918.5827710215581
5,44,2012-09-21,1714.32,1333.4102863110888,-380.9097136889111
20,99,2012-09-21,29.91,32.493553217244774,2.5835532172447735
17,56,2012-09-21,976.4,1594.370832081107,617.970832081107
5,5,2012-09-21,4637.96,5178.69681349524,540.7368134952403
5,46,2012-09-21,4552.64,4809.332846157502,256.69284615750166
5,4,2012-09-21,10459.89,10276.99891655442,-182.89108344558008
19,46,2012-09-21,17270.71,21017.20696205285,3746.49696205285
19,72,2012-09-21,70195.3,73075.00368537409,2879.7036853740865
5,60,2012-09-21,333.0,429.7517903244172,96.75179032441719
5,67,2012-09-21,2997.19,2524.9185083798116,-472.2714916201885
17,35,2012-09-21,1239.58,1269.6056031159303,30.02560311593038
5,55,2012-09-21,2455.91,2651.407373467982,195.49737346798202
19,71,2012-09-21,5644.43,7212.050981499384,1567.6209814993836
5,58,2012-09-21,690.0,620.0355460210126,-69.96445397898742
5,56,2012-09-21,224.73,381.63971908088195,156.90971908088196
17,34,2012-09-21,11352.39,13583.665423895034,2231.2754238950347
17,58,2012-09-21,745.0,1529.9817442123633,784.9817442123633
5,1,2012-09-21,10956.4,10095.28053363275,-861.1194663672504
19,44,2012-09-21,4876.29,5027.113691746653,150.8236917466529
17,11,2012-09-21,14843.57,20276.95805615829,5433.388056158292
19,99,2012-09-21,29.88,32.17752423288939,2.2975242328893906
19,24,2012-09-21,5370.46,8535.33166733671,3164.87166733671
17,98,2012-09-21,134.88,305.11486967215666,170.23486967215666
19,7,2012-09-21,28604.81,23190.487498872622,-5414.322501127379
25,54,2012-09-21,38.92,31.778419284389482,-7.1415807156105195
19,9,2012-09-21,41909.39,44169.01337031104,2259.623370311041
17,9,2012-09-21,29688.06,34060.239813340355,4372.179813340354
17,10,2012-09-21,13152.57,17157.482497335182,4004.9124973351827
19,8,2012-09-21,42384.91,44165.17990868986,1780.2699086898574
19,23,2012-09-21,25922.69,28369.107337404457,2446.4173374044585
19,6,2012-09-21,4585.72,3923.957876098136,-661.7621239018645
19,4,2012-09-21,29055.05,35299.5407285611,6244.490728561101
17,13,2012-09-21,27985.04,30787.302913812975,2802.262913812974
19,97,2012-09-21,18337.18,21954.870559999592,3617.6905599995916
17,96,2012-09-21,896.11,902.2331489841824,6.123148984182421
17,95,2012-09-21,58451.47,56030.20922274529,-2421.2607772547126
19,26,2012-09-21,10016.68,8148.670981869512,-1868.0090181304886
19,98,2012-09-21,11130.9,12950.10871310011,1819.20871310011
45,49,2012-09-21,10.0,27.199706611424727,17.199706611424727
17,12,2012-09-21,9409.0,9927.69250933906,518.69250933906
19,5,2012-09-21,21913.72,22099.655843607772,185.93584360777095
19,25,2012-09-21,13260.86,14750.831382273427,1489.9713822734266
17,97,2012-09-21,8956.76,11722.245350838743,2765.4853508387423
13,99,2012-09-21,59.83,107.62518043877282,47.79518043877282
17,6,2012-09-21,5083.69,5620.592607738934,536.9026077389344
17,2,2012-09-21,44566.91,43773.38220579065,-793.5277942093526
19,14,2012-09-21,16191.46,18142.75666893027,1951.2966689302702
19,13,2012-09-21,32669.47,38546.676231715006,5877.206231715005
17,1,2012-09-21,21660.82,17781.26278665614,-3879.557213343858
19,20,2012-09-21,5790.32,7192.375081650517,1402.0550816505174
17,4,2012-09-21,25010.25,31236.590961207556,6226.340961207556
17,5,2012-09-21,18587.07,22926.591145452956,4339.521145452956
19,17,2012-09-21,15760.3,20093.035487483943,4332.735487483944
19,18,2012-09-21,7815.54,1675.3582920887827,-6140.181707911217
19,16,2012-09-21,10622.45,15700.595687661336,5078.145687661336
17,3,2012-09-21,17582.25,46740.72779351748,29158.47779351748
19,22,2012-09-21,10947.59,12951.64168087076,2004.0516808707598
19,10,2012-09-21,30760.99,27577.070963440365,-3183.919036559637
19,12,2012-09-21,5755.11,7258.180794940102,1503.0707949401021
17,7,2012-09-21,17944.95,16408.753825399082,-1536.1961746009183
19,11,2012-09-21,14123.59,17686.937869620502,3563.347869620502
17,8,2012-09-21,22074.08,21585.209034797495,-488.87096520250634
19,21,2012-09-21,6150.26,6858.011679544314,707.7516795443134
4,45,2012-09-21,10.47,35.82823547457504,25.35823547457504
17,90,2012-09-21,39065.22,33606.652038723274,-5458.567961276727
19,92,2012-09-21,111963.98,126525.37297157143,14561.392971571433
17,21,2012-09-21,3619.03,3801.6829565514618,182.65295655146156
19,93,2012-09-21,34076.08,33368.02040307317,-708.0595969268325
17,19,2012-09-21,3672.69,2928.5660289455172,-744.1239710544828
17,91,2012-09-21,14998.91,17628.191004694057,2629.2810046940576
17,20,2012-09-21,3725.38,8994.034546234501,5268.654546234501
19,30,2012-09-21,3271.88,4255.069816125112,983.189816125112
19,31,2012-09-21,2740.2,3646.722706620443,906.5227066204434
17,23,2012-09-21,12965.35,15131.747565902357,2166.3975659023563
19,90,2012-09-21,64428.24,73415.03662686427,8986.79662686427
17,85,2012-09-21,3678.55,3452.834754976176,-225.71524502382408
19,91,2012-09-21,47289.24,50377.541673108986,3088.3016731089883
17,87,2012-09-21,17581.36,18417.128412166996,835.7684121669954
29,19,2012-09-21,1.0,28.922171296454994,27.922171296454994
17,22,2012-09-21,8811.32,14576.998370131338,5765.678370131338
19,32,2012-09-21,5836.78,7121.208825699027,1284.4288256990276
17,14,2012-09-21,14357.87,21382.04940437846,7024.179404378459
17,18,2012-09-21,4151.03,736.3843821272228,-3414.6456178727767
19,96,2012-09-21,13855.67,19205.12801550289,5349.458015502891
17,17,2012-09-21,10881.2,18971.960412941215,8090.760412941214
19,28,2012-09-21,837.48,679.0188298912965,-158.46117010870353
17,93,2012-09-21,4891.42,4607.986153112152,-283.4338468878477
19,27,2012-09-21,2023.7,2097.3252480171227,73.62524801712266
19,95,2012-09-21,91865.46,105988.09294784564,14122.632947845632
17,16,2012-09-21,2729.35,4412.527960231257,1683.1779602312567
28,99,2012-09-21,0.07,39.217742484867564,39.147742484867564
19,1,2012-09-21,16712.75,15813.735689685618,-899.0143103143819
19,2,2012-09-21,46832.22,53938.0147058988,7105.794705898799
19,94,2012-09-21,31870.01,36022.57907133975,4152.569071339753
19,3,2012-09-21,13640.57,42627.02156728882,28986.451567288823
17,92,2012-09-21,67758.99,82629.15569244254,14870.165692442533
19,29,2012-09-21,5431.98,5571.7238749996395,139.74387499963996
1,47,2012-09-28,224.0,7.606535370916002,-216.393464629084
28,5,2012-09-28,25784.49,21835.716841608348,-3948.773158391654
28,4,2012-09-28,24687.75,30794.731237190423,6106.981237190423
28,3,2012-09-28,9194.97,21303.956636107352,12108.986636107353
28,2,2012-09-28,50018.6,54901.645206058914,4883.045206058916
28,1,2012-09-28,16094.64,15348.682322963483,-745.9576770365165
10,47,2012-09-28,-98.0,-21.994083354797883,76.00591664520212
28,6,2012-09-28,2799.86,2707.494975382317,-92.36502461768305
28,7,2012-09-28,19927.39,21642.777983840653,1715.3879838406538
28,14,2012-09-28,11917.03,13554.900890853087,1637.8708908530862
28,13,2012-09-28,36743.08,38420.64984091534,1677.569840915341
28,12,2012-09-28,2871.69,3406.089762135974,534.399762135974
28,11,2012-09-28,9777.8,13008.76839591896,3230.9683959189606
28,10,2012-09-28,20016.69,22361.14329155007,2344.4532915500713
28,9,2012-09-28,14717.55,17898.59641929036,3181.04641929036
28,8,2012-09-28,31586.51,32731.84717831795,1145.33717831795
28,16,2012-09-28,3957.39,5352.430280850205,1395.0402808502054
11,99,2012-09-28,0.01,37.71091653453785,37.70091653453785
25,87,2012-09-28,5906.92,7632.9990300332975,1726.0790300332974
25,85,2012-09-28,3075.63,3120.5200131390975,44.89001313909739
25,83,2012-09-28,125.58,263.21038043521037,137.63038043521038
25,82,2012-09-28,9945.75,10529.747265305921,583.9972653059212
25,81,2012-09-28,8786.95,9180.071898722468,393.12189872246745
25,80,2012-09-28,576.91,634.3141844218667,57.40418442186672
25,79,2012-09-28,8193.69,8038.912512966832,-154.77748703316865
25,74,2012-09-28,9915.32,13529.363988105573,3614.0439881055736
25,72,2012-09-28,34854.24,33616.43171930356,-1237.8082806964376
25,90,2012-09-28,12684.12,13603.579058902045,919.4590589020445
25,91,2012-09-28,7965.44,8064.641689176564,99.20168917656429
25,98,2012-09-28,1622.54,1452.6727107589675,-169.8672892410325
25,97,2012-09-28,2549.08,3007.3011849171644,458.22118491716446
25,95,2012-09-28,43189.51,46842.751516232274,3653.2415162322723
25,94,2012-09-28,4549.56,4374.39008621984,-175.16991378016064
25,93,2012-09-28,810.84,1099.9540156635956,289.1140156635955
25,92,2012-09-28,45454.42,44295.540945974055,-1158.8790540259433
11,47,2012-09-28,85.0,-38.21535434134828,-123.21535434134827
25,71,2012-09-28,3198.1,3341.2360136562475,143.13601365624754
29,81,2012-09-28,5120.44,5530.144172627869,409.7041726278694
29,80,2012-09-28,-11.68,36.89267066611924,48.57267066611924
29,79,2012-09-28,6967.68,7885.0174026616,917.3374026615993
29,74,2012-09-28,7913.18,9346.744491310998,1433.5644913109973
29,72,2012-09-28,25550.71,30706.470340046497,5155.760340046498
29,67,2012-09-28,4797.79,4834.328010816151,36.538010816150745
29,60,2012-09-28,252.0,292.365328883043,40.36532888304299
29,59,2012-09-28,105.1,245.03695010332657,139.93695010332658
29,58,2012-09-28,340.0,595.7201745635138,255.72017456351375
29,71,2012-09-28,2155.74,3047.2913114275993,891.5513114275996
29,56,2012-09-28,2351.72,2095.451936633454,-256.2680633665459
29,82,2012-09-28,8749.06,9742.74409644924,993.6840964492403
29,98,2012-09-28,307.95,347.2275068113824,39.27750681138241
29,97,2012-09-28,2094.88,2588.674697344217,493.79469734421673
29,95,2012-09-28,29656.18,32444.138285290977,2787.958285290977
29,94,2012-09-28,53.26,68.78239821617427,15.522398216174274
29,83,2012-09-28,779.02,858.8364453470584,79.81644534705845
29,93,2012-09-28,1432.16,1690.8417938018067,258.68179380180663
29,91,2012-09-28,4017.85,4805.6614312813535,787.8114312813536
29,90,2012-09-28,11077.97,13128.049252643621,2050.0792526436217
29,87,2012-09-28,7213.5,8405.713583206245,1192.213583206245
29,85,2012-09-28,1333.57,1278.9380001359466,-54.63199986405334
29,92,2012-09-28,26687.33,28619.58507384553,1932.2550738455284
29,55,2012-09-28,2679.09,3049.643390324018,370.553390324018
29,31,2012-09-28,1573.5,2221.547819317819,648.0478193178192
29,30,2012-09-28,1937.14,2464.6788529922583,527.5388529922582
29,29,2012-09-28,3783.5,3984.4631251477576,200.96312514775764
29,28,2012-09-28,744.14,672.7906304458168,-71.34936955418323
29,32,2012-09-28,3048.19,3134.723893872559,86.53389387255902
29,27,2012-09-28,1236.3,1189.9200089098945,-46.37999109010548
29,26,2012-09-28,5282.31,4711.659571509117,-570.6504284908833
29,25,2012-09-28,6832.78,6208.240611451283,-624.5393885487165
29,24,2012-09-28,5308.57,4758.672492829461,-549.897507170539
29,23,2012-09-28,16883.93,17181.386974472425,297.4569744724249
29,33,2012-09-28,3636.91,3594.2876385552345,-42.622361444765374
29,34,2012-09-28,9886.89,10241.628614117371,354.738614117372
29,54,2012-09-28,-40.0,45.41349694751387,85.41349694751386
29,52,2012-09-28,599.6,775.6119443619249,176.01194436192486
29,46,2012-09-28,10001.92,12560.221593298395,2558.3015932983944
29,44,2012-09-28,1623.27,1629.2119465507535,5.941946550753528
29,42,2012-09-28,3748.95,3937.513003918169,188.56300391816922
29,41,2012-09-28,451.0,904.8933477091322,453.8933477091322
29,40,2012-09-28,29697.96,32105.89359563574,2407.9335956357427
29,38,2012-09-28,45675.07,45396.653837882164,-278.4161621178355
29,36,2012-09-28,932.08,913.818903680571,-18.261096319429043
29,35,2012-09-28,2937.82,2043.4850551986458,-894.3349448013544
29,22,2012-09-28,5968.59,5902.42312377049,-66.16687622951031
28,17,2012-09-28,7506.24,9603.57959541317,2097.33959541317
29,21,2012-09-28,3332.0,3590.142315456601,258.14231545660095
29,20,2012-09-28,3001.99,4033.1718976464745,1031.1818976464747
9,81,2012-09-28,2576.54,2466.5634505571843,-109.97654944281567
9,82,2012-09-28,9000.34,10130.567639355808,1130.2276393558077
28,46,2012-09-28,17860.71,20183.96132721493,2323.25132721493
9,85,2012-09-28,1216.82,878.7334598408903,-338.08654015910963
9,87,2012-09-28,13759.52,17266.95932152261,3507.439321522608
28,44,2012-09-28,4991.45,4748.327314583053,-243.1226854169472
9,90,2012-09-28,3156.76,3652.0913431032163,495.3313431032161
28,49,2012-09-28,10444.73,13264.795720249529,2820.0657202495295
28,42,2012-09-28,7245.71,6426.141500038694,-819.5684999613059
9,92,2012-09-28,18333.69,19475.89598934172,1142.2059893417209
28,41,2012-09-28,2090.52,1472.211280334311,-618.3087196656891
28,40,2012-09-28,43397.68,45266.81167947926,1869.1316794792583
9,95,2012-09-28,33119.87,37539.312988450874,4419.442988450872
9,96,2012-09-28,3763.21,4373.797250786377,610.5872507863769
28,38,2012-09-28,48095.88,51547.933731783975,3452.053731783977
9,91,2012-09-28,998.95,1069.4503907311328,70.50039073113271
28,37,2012-09-28,1956.42,1582.0096672002699,-374.4103327997302
9,79,2012-09-28,13234.9,14008.763062890277,773.8630628902774
9,74,2012-09-28,7366.33,7470.532235172588,104.20223517258819
28,67,2012-09-28,4875.21,5165.987292195402,290.77729219540197
9,49,2012-09-28,5.94,38.28537368407493,32.345373684074936
9,52,2012-09-28,1899.52,1740.7549463327018,-158.76505366729816
28,60,2012-09-28,477.0,688.8883801141033,211.88838011410326
9,54,2012-09-28,28.92,66.83169463634572,37.911694636345715
9,55,2012-09-28,6796.64,6591.777145338401,-204.86285466159916
28,59,2012-09-28,99.05,450.739678413608,351.68967841360796
28,52,2012-09-28,2160.16,2153.942025827126,-6.21797417287371
9,56,2012-09-28,564.27,882.9564577913925,318.6864577913925
9,60,2012-09-28,72.0,267.71360522581244,195.71360522581244
28,56,2012-09-28,13.86,1472.4542681818332,1458.5942681818333
9,67,2012-09-28,2666.07,3495.105550430334,829.0355504303338
28,55,2012-09-28,5982.76,5782.800272952051,-199.95972704794895
9,71,2012-09-28,879.58,1187.1089836632082,307.5289836632081
9,72,2012-09-28,28931.73,30603.132383910262,1671.4023839102629
28,54,2012-09-28,64.92,42.70174345867126,-22.218256541328742
28,58,2012-09-28,18924.0,11998.613222187421,-6925.386777812579
28,36,2012-09-28,648.37,759.1723690836051,110.80236908360507
28,25,2012-09-28,12931.94,14231.304122090756,1299.3641220907557
28,24,2012-09-28,5493.03,11325.592001991788,5832.562001991789
28,23,2012-09-28,24088.11,31019.974434871623,6931.8644348716225
28,22,2012-09-28,7759.6,9129.478689160278,1369.8786891602776
28,21,2012-09-28,3850.13,4697.425791862,847.2957918619995
28,20,2012-09-28,3923.89,4981.5924801762785,1057.7024801762786
28,19,2012-09-28,1133.34,1216.746952841672,83.40695284167214
28,18,2012-09-28,6798.27,1590.2665278537474,-5208.0034721462525
28,26,2012-09-28,7271.23,7764.926790649737,493.6967906497375
28,27,2012-09-28,1366.98,1271.2217864159948,-95.75821358400526
28,35,2012-09-28,2271.99,1835.4033220889742,-436.5866779110256
28,34,2012-09-28,11990.87,15116.223653766554,3125.353653766553
28,33,2012-09-28,5321.44,10770.659845753906,5449.219845753906
28,32,2012-09-28,6971.6,6267.719805301302,-703.8801946986987
28,31,2012-09-28,1725.58,2278.9451776450737,553.3651776450738
28,30,2012-09-28,2300.72,3456.0088306235234,1155.2888306235236
28,29,2012-09-28,4494.97,4776.015055233947,281.0450552339471
28,28,2012-09-28,441.37,689.2218350512848,247.85183505128475
9,48,2012-09-28,1052.0,1512.9270920192987,460.9270920192987
28,71,2012-09-28,4378.01,5288.559942705792,910.5499427057921
28,72,2012-09-28,52003.36,36834.11869647687,-15169.24130352313
29,7,2012-09-28,14153.93,14579.304214921118,425.3742149211175
9,8,2012-09-28,23578.45,24318.422777715004,739.9727777150038
29,6,2012-09-28,2003.12,1654.44279291479,-348.67720708520983
9,9,2012-09-28,16044.45,20837.76490249975,4793.314902499751
29,5,2012-09-28,12000.92,9587.795574851674,-2413.124425148326
9,10,2012-09-28,13175.41,14262.78605853163,1087.3760585316304
29,4,2012-09-28,15243.69,16949.812583909592,1706.1225839095914
9,7,2012-09-28,10782.69,11940.835427701715,1158.1454277017147
9,11,2012-09-28,13068.64,12886.370154986635,-182.26984501336483
9,12,2012-09-28,6464.79,7346.598454915332,881.8084549153318
29,2,2012-09-28,23502.96,28246.761069343116,4743.801069343117
9,13,2012-09-28,22884.9,27333.110930463627,4448.210930463625
29,1,2012-09-28,12910.26,13564.18106669151,653.9210666915096
9,14,2012-09-28,7353.91,7136.943038882422,-216.96696111757774
9,16,2012-09-28,4390.04,6225.009020666298,1834.969020666298
28,98,2012-09-28,8219.32,8658.347345437496,439.0273454374965
29,3,2012-09-28,6189.49,13315.064672010467,7125.574672010467
9,17,2012-09-28,4992.91,5314.881479282574,321.97147928257436
29,8,2012-09-28,22338.58,22707.338949773908,368.75894977390635
29,9,2012-09-28,8977.95,11851.642532983784,2873.692532983783
29,18,2012-09-28,1148.45,674.4676109350945,-473.98238906490553
29,17,2012-09-28,8100.67,7272.79646036066,-827.8735396393404
29,16,2012-09-28,2160.48,3497.9913021499347,1337.5113021499346
29,14,2012-09-28,7324.52,9725.468470145113,2400.948470145113
9,6,2012-09-28,3571.34,1636.6639703051587,-1934.6760296948414
9,1,2012-09-28,13772.7,11944.345091270754,-1828.3549087292467
9,2,2012-09-28,25489.13,30698.279621163674,5209.149621163673
29,12,2012-09-28,2006.91,2523.9042805043837,516.9942805043836
9,3,2012-09-28,5755.68,13237.687780270191,7482.007780270191
29,11,2012-09-28,5751.69,5830.168735383866,78.47873538386648
9,4,2012-09-28,16771.27,18779.71897924465,2008.4489792446511
29,10,2012-09-28,8436.51,7997.882847485056,-438.6271525149441
9,5,2012-09-28,22562.63,17881.93699326872,-4680.693006731282
29,13,2012-09-28,17715.19,23135.328648232462,5420.138648232463
9,18,2012-09-28,3156.92,2190.9488158499507,-965.9711841500493
28,97,2012-09-28,18713.62,23995.158264422964,5281.538264422965
9,19,2012-09-28,1607.25,1588.5920793456696,-18.657920654330383
9,32,2012-09-28,3821.52,3980.618819260602,159.09881926060189
28,83,2012-09-28,4964.98,6237.012428215653,1272.0324282156535
9,33,2012-09-28,2555.57,2861.2259004821217,305.6559004821215
28,82,2012-09-28,15280.85,16544.028215851988,1263.1782158519873
9,34,2012-09-28,4863.5,5635.562855844056,772.0628558440558
9,35,2012-09-28,757.09,834.3480196723501,77.25801967235009
28,81,2012-09-28,18915.2,22917.523988207555,4002.323988207554
28,85,2012-09-28,1003.7,1174.0531664683754,170.35316646837532
9,36,2012-09-28,307.31,768.908957657406,461.59895765740595
9,38,2012-09-28,54601.96,89068.5436006596,34466.5836006596
9,40,2012-09-28,29119.23,29966.686291488088,847.456291488088
28,79,2012-09-28,39352.8,41615.192930724515,2262.3929307245126
9,41,2012-09-28,1850.13,1843.1992320190623,-6.930767980937844
28,74,2012-09-28,9500.36,12035.687740284224,2535.327740284223
9,42,2012-09-28,2966.18,3438.369852995701,472.18985299570113
9,44,2012-09-28,5546.19,4682.777167161671,-863.4128328383285
28,80,2012-09-28,14536.13,16556.287301640667,2020.1573016406674
9,31,2012-09-28,2027.26,922.8685679557966,-1104.3914320442034
9,30,2012-09-28,1647.92,1370.4962032436229,-277.4237967563772
28,87,2012-09-28,16770.27,14865.04397880551,-1905.2260211944904
9,20,2012-09-28,2408.69,2627.6352815244913,218.9452815244913
28,96,2012-09-28,27877.36,29795.627770892694,1918.267770892693
9,21,2012-09-28,2958.98,3687.5289613008445,728.5489613008444
28,95,2012-09-28,79008.61,99971.33767277138,20962.727672771376
9,22,2012-09-28,4761.52,6212.249680749879,1450.7296807498788
28,94,2012-09-28,33183.5,38756.31258197518,5572.81258197518
9,23,2012-09-28,10742.42,11663.161587500797,920.7415875007973
9,24,2012-09-28,2453.95,3692.4466257016406,1238.4966257016408
28,93,2012-09-28,37110.28,47934.725154860134,10824.445154860136
9,25,2012-09-28,4813.72,4716.717244164722,-97.00275583527855
28,92,2012-09-28,80209.05,103537.35616620493,23328.30616620493
9,26,2012-09-28,4476.99,5190.423396872428,713.4333968724286
28,91,2012-09-28,43696.15,52720.92118606845,9024.77118606845
9,27,2012-09-28,530.75,780.8598180423734,250.10981804237338
9,28,2012-09-28,223.34,281.10111199920186,57.76111199920186
28,90,2012-09-28,57719.89,84894.99519269053,27175.105192690535
9,29,2012-09-28,1478.83,1681.4951851265355,202.66518512653556
9,46,2012-09-28,6601.3,6901.387522028283,300.08752202828236
14,51,2012-09-28,2.96,28.984359761872383,26.024359761872383
18,54,2012-09-28,8.0,56.44524577434613,48.44524577434613
20,96,2012-09-28,-17.88,33.444554340168416,51.32455434016842
25,67,2012-09-28,7240.33,7022.73383584478,-217.59616415522032
25,3,2012-09-28,7760.9,16573.315839279647,8812.415839279647
25,2,2012-09-28,34488.66,38409.53498901024,3920.8749890102335
25,1,2012-09-28,19043.27,15563.514877128082,-3479.7551228719185
24,54,2012-09-28,14.88,31.64475582250029,16.76475582250029
25,4,2012-09-28,21180.78,21413.520926643596,232.74092664359705
25,5,2012-09-28,13284.3,9769.297413552851,-3515.002586447148
25,40,2012-09-28,44633.43,45351.864703238854,718.4347032388541
25,38,2012-09-28,39802.52,45144.32816522989,5341.808165229893
25,37,2012-09-28,3606.63,2919.3332742230114,-687.2967257769888
25,36,2012-09-28,858.1,864.7131201908477,6.613120190847667
25,41,2012-09-28,4706.18,5265.019432908182,558.8394329081821
25,34,2012-09-28,11629.98,10258.55139144825,-1371.4286085517488
25,33,2012-09-28,3049.08,2708.4179085123974,-340.66209148760254
25,32,2012-09-28,2444.69,3089.640990144726,644.9509901447259
25,31,2012-09-28,1775.15,1694.3980815344362,-80.7519184655639
25,35,2012-09-28,2249.73,1856.2152143311978,-393.51478566880223
25,60,2012-09-28,180.0,334.6630732037367,154.6630732037367
25,59,2012-09-28,220.52,268.42053829203195,47.90053829203194
25,58,2012-09-28,585.0,826.0535783387412,241.0535783387412
25,56,2012-09-28,3742.08,2982.880197407372,-759.1998025926277
25,42,2012-09-28,5430.2,5654.106055314362,223.90605531436177
25,55,2012-09-28,4646.76,3739.1558415429295,-907.6041584570708
25,52,2012-09-28,1935.98,1335.2151377498872,-600.7648622501129
25,50,2012-09-28,2037.0,2442.6651228791684,405.6651228791684
25,49,2012-09-28,10714.37,13131.649963463167,2417.2799634631665
25,46,2012-09-28,17142.75,16833.255827898996,-309.49417210100364
25,44,2012-09-28,3605.1,3247.0015800419787,-358.09841995802117
25,30,2012-09-28,1987.78,2410.9239552398426,423.1439552398426
25,29,2012-09-28,3242.35,3732.005609724496,489.6556097244961
25,14,2012-09-28,9216.26,10406.497550645674,1190.2375506456738
25,13,2012-09-28,25520.38,27047.53968722022,1527.1596872202172
25,12,2012-09-28,3117.56,3230.075128658357,112.51512865835684
25,11,2012-09-28,10095.18,9994.521700248155,-100.65829975184533
25,16,2012-09-28,7241.14,11561.887350386229,4320.747350386228
25,9,2012-09-28,15593.0,13875.269010278227,-1717.7309897217729
25,8,2012-09-28,30793.03,30624.710774723197,-168.31922527680217
25,7,2012-09-28,14536.52,14420.39905570346,-116.12094429654098
25,6,2012-09-28,1446.65,2810.460454643679,1363.810454643679
25,10,2012-09-28,23321.66,20792.673035930984,-2528.986964069016
25,17,2012-09-28,11993.88,10847.673396360558,-1146.2066036394408
25,28,2012-09-28,737.58,581.8286424054759,-155.75135759452417
25,27,2012-09-28,1232.27,877.5600009948221,-354.7099990051779
25,26,2012-09-28,4858.99,4858.8863707348355,-0.10362926516427251
25,25,2012-09-28,7485.9,7095.596570926104,-390.30342907389604
25,24,2012-09-28,3827.46,3165.3055901281655,-662.1544098718346
25,23,2012-09-28,15351.84,14408.5224068902,-943.3175931097994
25,22,2012-09-28,5522.0,6013.601706087202,491.6017060872018
25,21,2012-09-28,4793.81,4559.870628612538,-233.93937138746242
25,20,2012-09-28,2867.89,3335.309258598526,467.4192585985261
25,18,2012-09-28,7119.62,2489.74866381792,-4629.87133618208
13,45,2012-09-28,17.91,120.95181652893848,103.04181652893848
23,94,2012-09-28,310.4,418.0570538525039,107.6570538525039
4,52,2012-09-28,3057.49,3917.154513937151,859.6645139371512
6,14,2012-09-28,20877.47,21766.064997886777,888.5949978867757
6,13,2012-09-28,35675.84,38233.60766095014,2557.767660950143
6,12,2012-09-28,5934.73,5937.274915181877,2.5449151818775135
6,11,2012-09-28,14277.78,16129.88548861151,1852.105488611509
6,10,2012-09-28,44065.55,47693.25201039167,3627.7020103916657
6,9,2012-09-28,48834.66,86785.64804650862,37950.98804650862
6,8,2012-09-28,46531.89,48349.99557410462,1818.105574104622
6,7,2012-09-28,23734.91,23931.993320201487,197.08332020148737
6,23,2012-09-28,21408.05,30431.41559268376,9023.36559268376
6,22,2012-09-28,15519.43,17312.943657858203,1793.5136578582024
6,21,2012-09-28,7740.69,7644.252671509239,-96.43732849076059
6,16,2012-09-28,13637.84,18895.010268056467,5257.170268056467
34,19,2012-09-28,135.52,75.34961502936783,-60.170384970632185
6,20,2012-09-28,6948.51,7619.332077844717,670.8220778447167
6,19,2012-09-28,3216.44,3542.418380475077,325.97838047507685
6,18,2012-09-28,10109.98,3913.4449569443395,-6196.53504305566
6,17,2012-09-28,14246.71,16796.863612123714,2550.153612123715
6,6,2012-09-28,4714.75,5059.096042693198,344.3460426931979
6,5,2012-09-28,31452.46,30602.011584924912,-850.4484150750868
6,4,2012-09-28,29948.14,34651.45588333291,4703.315883332907
6,3,2012-09-28,10426.08,21194.676741159135,10768.596741159135
6,2,2012-09-28,45984.17,52809.48388431733,6825.313884317329
34,47,2012-09-28,-168.0,-3.120237907558668,164.87976209244133
6,1,2012-09-28,18364.91,19477.43811898662,1112.5281189866218
6,24,2012-09-28,4073.29,6761.001273189195,2687.711273189195
2,45,2012-09-28,20.94,36.186675940430135,15.246675940430134
6,60,2012-09-28,279.0,610.5795080963229,331.5795080963229
6,59,2012-09-28,165.09,518.1464768626021,353.05647686260204
6,58,2012-09-28,6435.0,3981.1485931142593,-2453.8514068857407
6,56,2012-09-28,3033.87,1875.3721408296485,-1158.4978591703514
6,55,2012-09-28,9951.23,9694.832287164392,-256.3977128356073
6,54,2012-09-28,68.32,86.822398506779,18.502398506779002
6,52,2012-09-28,4030.91,4565.52687395367,534.6168739536697
6,49,2012-09-28,9827.87,12776.259994945895,2948.3899949458937
6,67,2012-09-28,9016.71,9867.437956233229,850.7279562332296
6,82,2012-09-28,16488.14,19879.791575245614,3391.6515752456144
6,81,2012-09-28,13547.57,14525.9202717818,978.350271781801
6,80,2012-09-28,13628.88,14098.39646671405,469.5164667140507
6,74,2012-09-28,18462.07,21073.24275566626,2611.172755666259
6,72,2012-09-28,72925.94,92951.2475663536,20025.3075663536
6,71,2012-09-28,3802.78,5223.495903205964,1420.715903205964
6,79,2012-09-28,23394.26,24209.443766748565,815.183766748567
6,48,2012-09-28,4536.0,3255.2172068887876,-1280.7827931112124
6,31,2012-09-28,2473.97,4179.897225324061,1705.927225324061
6,30,2012-09-28,3965.65,4418.0167092662705,452.3667092662704
6,29,2012-09-28,5746.58,6095.829640680964,349.24964068096415
6,27,2012-09-28,1343.31,1422.1115933333647,78.80159333336474
6,26,2012-09-28,6548.86,9676.97236367123,3128.11236367123
6,25,2012-09-28,8993.58,11331.668781637245,2338.088781637245
6,28,2012-09-28,522.65,668.3173127709927,145.66731277099268
6,32,2012-09-28,7764.91,9468.22297004049,1703.3129700404897
6,47,2012-09-28,58.0,29.12815910657729,-28.87184089342271
6,46,2012-09-28,19743.0,22490.898237169895,2747.898237169895
6,44,2012-09-28,8570.53,9777.645219265485,1207.1152192654845
6,42,2012-09-28,9283.91,10163.552087061173,879.6420870611728
6,41,2012-09-28,3889.22,4710.691498908534,821.4714989085346
6,40,2012-09-28,65156.96,83529.5089142024,18372.548914202394
6,38,2012-09-28,71173.04,90030.07785594754,18857.03785594755
6,37,2012-09-28,4707.93,4475.9144510299475,-232.0155489700528
6,36,2012-09-28,753.45,1376.870737042126,623.4207370421259
6,35,2012-09-28,2304.02,2451.8737500108914,147.85375001089142
6,34,2012-09-28,12857.64,16015.461127587274,3157.8211275872745
6,33,2012-09-28,4946.15,6513.070515838839,1566.9205158388395
6,83,2012-09-28,3173.5,4485.277778775656,1311.7777787756559
4,29,2012-09-28,7762.17,9556.861846920465,1794.6918469204647
4,28,2012-09-28,484.19,854.8459785733585,370.6559785733585
4,27,2012-09-28,1868.53,2016.2545250054145,147.72452500541453
4,25,2012-09-28,14140.38,15014.09579165926,873.7157916592605
4,24,2012-09-28,7209.99,9915.440169652351,2705.450169652351
4,23,2012-09-28,38658.73,43870.91371001476,5212.18371001476
4,26,2012-09-28,19591.5,21182.796956647657,1591.2969566476568
4,30,2012-09-28,4603.5,5766.637558054954,1163.1375580549538
4,44,2012-09-28,5997.69,6597.293398541248,599.6033985412487
4,42,2012-09-28,7875.86,9815.101228278254,1939.2412282782543
4,41,2012-09-28,2028.83,3679.9950425369634,1651.1650425369635
4,40,2012-09-28,76724.11,96416.39498088145,19692.28498088145
4,38,2012-09-28,71725.36,95335.18340342843,23609.823403428425
4,37,2012-09-28,3284.94,2484.437583264643,-800.5024167353572
4,36,2012-09-28,1941.98,2033.4286927829244,91.44869278292435
4,35,2012-09-28,2649.93,4278.406083676978,1628.4760836769779
4,34,2012-09-28,22449.87,29640.6224731125,7190.752473112501
4,33,2012-09-28,8820.21,10188.85289979596,1368.642899795961
4,32,2012-09-28,10238.29,10457.630585917186,219.3405859171853
4,31,2012-09-28,2139.76,3894.967352090611,1755.2073520906106
4,22,2012-09-28,15409.23,20243.825005020033,4834.595005020034
4,11,2012-09-28,18313.12,21022.927820169927,2709.807820169928
4,2,2012-09-28,94947.88,111614.87593642749,16666.995936427484
4,10,2012-09-28,41847.16,38539.60746910996,-3307.552530890047
4,3,2012-09-28,11600.42,20703.053680727426,9102.633680727426
4,12,2012-09-28,6635.78,7849.557545253131,1213.7775452531314
4,8,2012-09-28,60371.65,62702.22313923403,2330.5731392340313
4,4,2012-09-28,54969.27,61268.883981788254,6299.613981788258
4,7,2012-09-28,50983.79,45296.909400353004,-5686.880599646996
4,6,2012-09-28,5245.97,5947.074760308384,701.1047603083834
4,9,2012-09-28,39254.74,45067.95161406251,5813.211614062515
4,1,2012-09-28,36574.4,38864.17625447442,2289.7762544744182
4,13,2012-09-28,73976.17,94350.63142774029,20374.461427740287
4,21,2012-09-28,7090.73,7600.606628783027,509.8766287830276
4,20,2012-09-28,8088.81,9614.662121118581,1525.8521211185807
4,19,2012-09-28,2632.95,2587.6085341007765,-45.341465899223294
4,18,2012-09-28,13562.4,2338.182094507002,-11224.217905492998
4,17,2012-09-28,14921.99,16077.285648116898,1155.2956481168985
4,16,2012-09-28,7737.58,12311.608355833221,4574.028355833221
4,14,2012-09-28,24903.2,29601.06742127701,4697.867421277009
4,46,2012-09-28,34595.73,37076.50930599748,2480.7793059974792
4,48,2012-09-28,5231.0,4511.897973696467,-719.1020263035334
4,98,2012-09-28,16293.63,15073.097902858903,-1220.5320971410965
4,97,2012-09-28,39346.63,44157.572291219585,4810.942291219588
4,96,2012-09-28,45858.73,45853.20393148416,-5.5260685158427805
4,95,2012-09-28,150886.81,187837.9569028555,36951.146902855515
4,94,2012-09-28,71792.99,93485.3420960647,21692.3520960647
4,93,2012-09-28,70345.51,94580.19713780886,24234.68713780887
4,79,2012-09-28,54134.78,55493.17691974517,1358.3969197451734
4,74,2012-09-28,17091.94,20665.272977544853,3573.3329775448547
4,72,2012-09-28,101735.37,120439.14929874383,18703.77929874383
4,71,2012-09-28,5234.11,8998.531298575399,3764.4212985753993
4,67,2012-09-28,11317.8,11050.930239347486,-266.8697606525129
4,60,2012-09-28,270.0,686.9763583856418,416.9763583856418
4,59,2012-09-28,270.42,697.7364542122142,427.3164542122142
4,58,2012-09-28,4200.0,3611.485582345197,-588.5144176548029
4,56,2012-09-28,872.82,1178.0224380244392,305.2024380244392
4,55,2012-09-28,13992.2,13105.951968850894,-886.2480311491072
4,54,2012-09-28,28.8,71.72111020542049,42.92111020542049
4,80,2012-09-28,18560.29,20688.430027849314,2128.140027849313
4,92,2012-09-28,163451.36,198062.26182396532,34610.90182396534
4,91,2012-09-28,62039.28,87955.51561453738,25916.235614537378
4,90,2012-09-28,89488.72,108905.32686501821,19416.606865018213
4,87,2012-09-28,19397.44,17375.839259710236,-2021.600740289763
4,85,2012-09-28,2255.36,1974.6137272948426,-280.7462727051575
4,83,2012-09-28,9860.15,10182.342762351953,322.1927623519532
4,82,2012-09-28,29836.76,30088.360195828725,251.600195828727
4,81,2012-09-28,31024.01,35646.93355482705,4622.923554827048
4,49,2012-09-28,6631.64,6986.59316298772,354.9531629877192
32,45,2012-09-28,23.88,32.76322306734994,8.883223067349942
4,5,2012-09-28,49255.4,39317.80350527919,-9937.596494720812
7,45,2012-09-28,8.97,75.28267490166007,66.31267490166007
7,54,2012-09-28,19.92,72.41813520630161,52.49813520630161
7,47,2012-09-28,-389.0,113.39390190314477,502.39390190314475
6,92,2012-09-28,90778.91,108007.21201708957,17228.30201708956
6,91,2012-09-28,39980.19,45000.410874095636,5020.220874095634
6,90,2012-09-28,47976.09,53337.73080777681,5361.640807776814
6,93,2012-09-28,38175.4,44725.66464758928,6550.264647589276
6,96,2012-09-28,29504.81,30688.43880286955,1183.628802869549
6,95,2012-09-28,80957.39,102328.9459671151,21371.5559671151
6,97,2012-09-28,19480.31,21452.15927842569,1971.8492784256887
6,94,2012-09-28,37934.81,41591.70242646409,3656.8924264640955
6,98,2012-09-28,9823.95,9868.069648796349,44.119648796347974
6,87,2012-09-28,41699.84,46576.69449793356,4876.854497933564
6,85,2012-09-28,1524.98,1734.8966044030726,209.9166044030726
14,21,2012-10-26,6759.95,6637.214938180209,-122.73506181979064
18,13,2012-10-26,43219.77,43384.45988869728,164.6898886972849
3,38,2012-10-26,83489.04,102468.10499382621,18979.06499382622
40,3,2012-10-26,4998.45,4861.6193198885885,-136.8306801114113
3,40,2012-10-26,20235.51,21500.65607692258,1265.1460769225814
23,21,2012-10-26,8899.7,9107.644950214586,207.94495021458533
39,44,2012-10-26,6213.29,5950.944842554515,-262.3451574454848
14,20,2012-10-26,7361.76,7849.069621207153,487.3096212071532
23,20,2012-10-26,9436.83,12433.61383935529,2996.78383935529
18,44,2012-10-26,6626.8,5400.165025907294,-1226.6349740927062
3,19,2012-10-26,738.87,731.5630256753645,-7.306974324635462
40,2,2012-10-26,24220.81,26121.452590112145,1900.6425901121438
14,36,2012-10-26,1560.95,2091.5848328099482,530.6348328099482
13,71,2012-10-26,6411.58,8715.131178057265,2303.551178057265
18,14,2012-10-26,18941.94,22186.502658163157,3244.5626581631586
14,33,2012-10-26,9307.8,9841.59084356944,533.7908435694408
41,40,2012-10-26,58540.86,65946.31064673015,7405.450646730154
41,90,2012-10-26,79524.89,78950.1073002875,-574.7826997124939
3,35,2012-10-26,559.07,873.8609782868215,314.7909782868214
18,11,2012-10-26,16922.99,17517.70573709462,594.7157370946188
1,16,2012-10-26,9934.63,10882.895460625365,948.2654606253654
2,22,2012-10-26,13208.75,13431.95363784614,223.20363784613983
23,17,2012-10-26,25373.35,29057.478431875854,3684.1284318758553
1,14,2012-10-26,11150.0,12960.382352515951,1810.3823525159514
40,24,2012-10-26,2697.35,2981.518939604538,284.1689396045381
40,5,2012-10-26,14285.09,14932.15305034203,647.0630503420307
3,20,2012-10-26,1601.47,1969.8907339869463,368.4207339869463
24,7,2012-10-26,21461.95,25482.2846122985,4020.3346122984985
23,18,2012-10-26,27008.5,17644.250839913002,-9364.249160086998
18,1,2012-10-26,35198.5,20788.346526838173,-14410.153473161827
14,22,2012-10-26,12669.03,14071.160815278243,1402.1308152782422
18,12,2012-10-26,3855.48,3536.9609746785095,-318.5190253214905
3,36,2012-10-26,650.24,471.6185137466029,-178.6214862533971
40,4,2012-10-26,23462.71,25355.297506683364,1892.587506683365
14,35,2012-10-26,3644.39,3817.638094659797,173.24809465979706
22,93,2012-10-26,2885.6,2870.304758935144,-15.295241064855873
45,94,2012-10-26,5203.31,4352.305198987745,-851.0048010122555
23,19,2012-10-26,1436.75,1133.7373025414063,-303.0126974585937
40,25,2012-10-26,5252.15,6758.909956076357,1506.7599560763574
40,1,2012-10-26,24689.25,21114.480430804713,-3574.7695691952867
40,26,2012-10-26,4172.15,5111.648841596132,939.4988415961325
45,59,2012-10-26,191.98,197.37064289697489,5.390642896974896
22,90,2012-10-26,25682.16,23636.080708012676,-2046.0792919873238
2,8,2012-10-26,63992.36,65841.64567079821,1849.2856707982137
23,25,2012-10-26,15000.54,16831.024647744172,1830.4846477441715
13,72,2012-10-26,63039.92,74228.84774053203,11188.927740532032
14,17,2012-10-26,18328.9,17614.684741902733,-714.2152580972688
2,21,2012-10-26,7985.45,9317.148529634393,1331.6985296343928
18,19,2012-10-26,2435.45,2498.0419957837803,62.591995783780476
39,97,2012-10-26,27092.3,28753.749783420863,1661.4497834208632
3,17,2012-10-26,2634.51,3392.4461330602267,757.9361330602264
22,87,2012-10-26,14326.18,16876.051033074444,2549.8710330744434
20,1,2012-10-26,55623.24,38343.843430689456,-17279.396569310542
18,52,2012-10-26,2226.1,2528.394367592463,302.294367592463
40,28,2012-10-26,466.49,583.3490587069623,116.85905870696229
18,98,2012-10-26,2304.62,2252.694883187051,-51.925116812949
23,26,2012-10-26,13614.19,18867.34640276776,5253.156402767758
3,46,2012-10-26,6332.3,6311.348891245103,-20.951108754897177
24,5,2012-10-26,22751.75,25627.621705336293,2875.8717053362925
23,27,2012-10-26,4823.64,5200.850665911665,377.21066591166436
2,7,2012-10-26,37302.54,37540.73415430083,238.1941543008288
3,44,2012-10-26,2981.53,3296.4817800468577,314.9517800468575
22,92,2012-10-26,65678.39,55962.6321034079,-9715.757896592098
18,18,2012-10-26,23402.78,13457.030413765986,-9945.749586234013
1,2,2012-10-26,43134.88,45161.50277671066,2026.6227767106611
23,22,2012-10-26,19183.85,25430.51922793712,6246.66922793712
22,91,2012-10-26,21763.4,22506.434846854503,743.0348468545017
18,16,2012-10-26,5060.51,6198.229803581615,1137.7198035816145
14,19,2012-10-26,2465.33,2206.0133329125274,-259.3166670874725
3,41,2012-10-26,658.2,778.1596707039232,119.95967070392317
2,25,2012-10-26,12962.63,14216.062596373444,1253.4325963734445
24,6,2012-10-26,3061.18,3413.0760208706756,351.8960208706758
3,18,2012-10-26,5104.31,3691.630446041147,-1412.6795539588534
3,42,2012-10-26,5582.25,4240.263326591347,-1341.9866734086527
23,23,2012-10-26,51203.34,53624.06629272144,2420.726292721447
2,10,2012-10-26,34260.76,36774.45849648535,2513.6984964853473
40,27,2012-10-26,1398.04,1194.992143632819,-203.04785636718088
18,17,2012-10-26,17741.17,17553.794120167186,-187.37587983281264
18,50,2012-10-26,1042.0,1163.9873489210274,121.98734892102743
14,38,2012-10-26,81545.6,78998.31236141331,-2547.2876385866984
39,98,2012-10-26,13332.12,11436.501859838718,-1895.618140161283
23,24,2012-10-26,11300.4,13244.705422773763,1944.305422773763
41,41,2012-10-26,2328.29,2806.108751199886,477.8187511998858
14,18,2012-10-26,28427.26,19312.963108259766,-9114.296891740232
1,21,2012-10-26,8194.63,7782.362880430926,-412.26711956907275
40,6,2012-10-26,1913.35,3126.867350494784,1213.5173504947843
23,16,2012-10-26,4971.83,6311.235470622446,1339.405470622446
14,23,2012-10-26,30154.93,30594.393166483434,439.4631664834342
40,16,2012-10-26,4343.71,4381.672687767135,37.96268776713532
40,22,2012-10-26,5292.07,7610.968324733715,2318.8983247337155
23,5,2012-10-26,35125.5,31214.56154957508,-3910.938450424921
2,24,2012-10-26,7820.52,7754.2152073075995,-66.30479269240095
3,27,2012-10-26,351.49,638.1945873168254,286.7045873168254
18,46,2012-10-26,22651.95,22158.11257791248,-493.83742208751937
23,6,2012-10-26,4356.02,5124.294120187715,768.2741201877143
18,4,2012-10-26,30371.8,28172.0891039818,-2199.7108960181977
14,29,2012-10-26,8224.51,6936.3650922592415,-1288.1449077407588
40,14,2012-10-26,10920.75,13349.568665022802,2428.8186650228017
3,28,2012-10-26,151.69,283.89651866988095,132.20651866988095
23,7,2012-10-26,33096.71,31867.949419320095,-1228.7605806799038
18,42,2012-10-26,8046.23,7469.111932797162,-577.1180672028377
14,28,2012-10-26,1950.88,1452.4269006539746,-498.4530993460255
39,42,2012-10-26,4113.23,4529.180108359754,415.95010835975427
40,13,2012-10-26,21119.09,22091.288338720395,972.1983387203945
13,60,2012-10-26,756.0,939.5329895046353,183.53298950463534
23,8,2012-10-26,40244.15,41592.7552057986,1348.6052057986017
3,29,2012-10-26,1423.02,1158.9842014404085,-264.0357985595915
3,26,2012-10-26,3295.95,3498.401508232938,202.45150823293807
18,3,2012-10-26,9929.02,11650.600219684271,1721.5802196842706
14,30,2012-10-26,4928.94,4016.0490049918603,-912.8909950081393
23,4,2012-10-26,28017.74,28222.24478361977,204.50478361977002
3,23,2012-10-26,17384.54,13163.9177984513,-4220.6222015487
40,20,2012-10-26,2895.03,3044.502040945572,149.47204094557173
22,98,2012-10-26,229.21,471.8217195132496,242.6117195132496
24,10,2012-10-26,27789.9,28848.658768485846,1058.7587684858445
23,1,2012-10-26,57391.58,37344.33023874874,-20047.24976125126
41,35,2012-10-26,2555.56,2352.2854024455214,-203.27459755447853
14,32,2012-10-26,8083.79,8800.006446485339,716.2164464853386
3,24,2012-10-26,3281.16,2598.7374810224533,-682.4225189775466
40,18,2012-10-26,11161.87,7727.427673262469,-3434.4423267375314
18,5,2012-10-26,21466.31,21809.437836587644,343.1278365876424
23,2,2012-10-26,66410.81,77990.20371151002,11579.393711510027
3,25,2012-10-26,5134.03,4823.407567946555,-310.62243205344475
22,97,2012-10-26,5095.64,4734.45435097527,-361.1856490247301
23,3,2012-10-26,12668.32,14997.21557495371,2328.895574953711
14,31,2012-10-26,2798.6,2933.4101077293362,134.81010772933632
2,9,2012-10-26,34790.0,35826.69156909874,1036.691569098737
18,2,2012-10-26,61082.86,58045.687450724494,-3037.1725492755068
41,83,2012-10-26,3039.24,3186.157355850695,146.917355850695
3,22,2012-10-26,4748.81,4702.337222483724,-46.47277751627644
40,17,2012-10-26,8468.22,9430.880499374474,962.660499374475
40,21,2012-10-26,6069.21,6215.810560962704,146.60056096270364
41,38,2012-10-26,52724.84,54756.317679940315,2031.477679940319
40,12,2012-10-26,4078.23,4289.333417848362,211.10341784836191
24,9,2012-10-26,22928.77,27870.833323798634,4942.063323798633
3,32,2012-10-26,3405.21,5227.135954770602,1821.9259547706024
22,95,2012-10-26,65248.72,54635.13236796421,-10613.587632035793
1,98,2012-10-26,12702.86,14145.620020318196,1442.7600203181955
40,23,2012-10-26,14027.6,15939.690577215695,1912.0905772156948
40,8,2012-10-26,35684.99,38566.39122500357,2881.401225003574
23,13,2012-10-26,36661.84,39647.52473359414,2985.684733594142
18,9,2012-10-26,18809.08,12014.46129710989,-6794.618702890111
3,33,2012-10-26,3236.91,3643.8035747033414,406.8935747033415
39,41,2012-10-26,2926.31,3954.4426498524595,1028.1326498524595
13,67,2012-10-26,14244.82,15083.001507345714,838.1815073457146
24,8,2012-10-26,55881.32,53696.855890664876,-2184.464109335124
23,14,2012-10-26,30866.79,36071.51245162268,5204.722451622678
18,41,2012-10-26,450.94,665.5964940994473,214.65649409944734
14,24,2012-10-26,8759.7,10053.089743539236,1293.3897435392355
40,7,2012-10-26,16327.91,16524.147539278176,196.23753927817597
18,10,2012-10-26,15671.66,16402.47140498145,730.8114049814503
22,94,2012-10-26,3.88,95.67731323038174,91.79731323038175
3,34,2012-10-26,4667.42,4517.618001590613,-149.80199840938712
13,59,2012-10-26,294.93,763.1654652518657,468.2354652518657
18,8,2012-10-26,33880.77,31727.665220097268,-2153.104779902729
14,25,2012-10-26,10955.38,13904.95069975471,2949.5706997547113
23,12,2012-10-26,5510.37,4888.3319104519105,-622.0380895480894
40,9,2012-10-26,19661.48,20974.98181244987,1313.501812449871
14,27,2012-10-26,2732.48,2531.778068482214,-200.70193151778585
14,34,2012-10-26,25005.05,22663.620813757658,-2341.4291862423415
45,60,2012-10-26,117.0,329.173441426611,212.17344142661102
18,6,2012-10-26,3212.84,3601.883970663839,389.043970663839
40,11,2012-10-26,12216.53,14773.179050987845,2556.649050987844
3,30,2012-10-26,1104.44,1248.5754322604698,144.13543226046977
22,96,2012-10-26,6.5,29.129817257266538,22.629817257266538
3,21,2012-10-26,1223.23,1502.7083660306637,279.47836603066366
41,36,2012-10-26,1570.28,1645.362871250719,75.08287125071911
23,9,2012-10-26,41643.31,48885.08827691002,7241.778276910023
23,10,2012-10-26,27794.8,31118.51617394132,3323.7161739413204
40,10,2012-10-26,23942.44,22511.48098453782,-1430.95901546218
23,11,2012-10-26,25080.96,23083.98710227801,-1996.9728977219893
18,7,2012-10-26,28305.05,26091.354678939766,-2213.6953210602333
14,26,2012-10-26,13185.75,15716.688162259456,2530.9381622594556
3,31,2012-10-26,882.66,835.4798982234698,-47.18010177653014
2,23,2012-10-26,26574.0,21794.202944499997,-4779.797055500003
14,16,2012-10-26,2907.19,3481.6612167178178,574.4712167178177
18,49,2012-10-26,9405.73,14651.007825971396,5245.277825971396
45,67,2012-10-26,5772.09,5604.1580294394225,-167.9319705605776
41,60,2012-10-26,576.0,594.353874589699,18.35387458969899
18,60,2012-10-26,153.0,253.2262647362833,100.2262647362833
41,42,2012-10-26,5535.55,5881.706141895658,346.15614189565804
39,46,2012-10-26,33254.91,34725.26480111074,1470.3548011107341
18,80,2012-10-26,634.37,727.3957882857302,93.02578828573019
45,54,2012-10-26,23.92,29.53097812912381,5.610978129123808
23,58,2012-10-26,5145.0,5672.086396419204,527.086396419204
39,80,2012-10-26,13909.82,14052.44273821941,142.62273821941017
18,35,2012-10-26,4034.94,4044.052092740813,9.112092740812841
23,59,2012-10-26,354.37,597.4139860395763,243.04398603957634
13,98,2012-10-26,17703.39,16125.853730325209,-1577.5362696747907
3,79,2012-10-26,7512.73,8958.82908769856,1446.0990876985597
3,95,2012-10-26,17210.73,17447.904365037415,237.17436503741555
18,30,2012-10-26,5917.68,4968.95094923524,-948.7290507647604
3,74,2012-10-26,3370.19,4493.039585577548,1122.8495855775477
23,60,2012-10-26,126.0,208.94163159821466,82.94163159821466
39,79,2012-10-26,43880.45,44144.08578088009,263.63578088008944
18,79,2012-10-26,21832.43,23179.938497079413,1347.5084970794123
13,83,2012-10-26,3955.55,4237.871335109205,282.3213351092045
23,67,2012-10-26,13241.28,14402.86537668692,1161.5853766869186
3,81,2012-10-26,1863.23,1810.8385631986635,-52.39143680133657
41,52,2012-10-26,3056.98,2417.580968146918,-639.3990318530819
23,71,2012-10-26,9824.98,12022.74959014237,2197.7695901423704
13,96,2012-10-26,8675.36,10324.801782577619,1649.4417825776181
1,20,2012-10-26,2680.53,3980.70717620841,1300.17717620841
39,74,2012-10-26,21779.11,22407.213368508026,628.1033685080256
13,97,2012-10-26,26894.79,30153.67356507213,3258.8835650721303
18,74,2012-10-26,20132.84,21997.264620719772,1864.424620719772
23,56,2012-10-26,1489.17,2777.5000891057757,1288.3300891057756
18,29,2012-10-26,9657.13,11587.183193180808,1930.053193180809
23,50,2012-10-26,7723.0,8127.400413253342,404.40041325334187
45,56,2012-10-26,937.72,1460.7982460594071,523.0782460594071
14,3,2012-10-26,8796.57,10148.439050188288,1351.8690501882884
3,96,2012-10-26,4654.4,4771.4402079182455,117.04020791824587
39,83,2012-10-26,5687.21,6189.473605140394,502.26360514039425
41,56,2012-10-26,383.35,1058.9722029429486,675.6222029429485
18,28,2012-10-26,2316.79,1614.5245000875666,-702.2654999124334
18,81,2012-10-26,14036.52,13486.605481372011,-549.9145186279893
23,52,2012-10-26,2859.55,2566.6423310728082,-292.90766892719193
14,2,2012-10-26,61378.96,62231.383982811334,852.423982811335
23,95,2012-10-26,53512.83,54706.95522317194,1194.125223171941
3,72,2012-10-26,23994.26,30731.476086307677,6737.216086307679
39,82,2012-10-26,23266.28,22558.030361149755,-708.2496388502441
23,96,2012-10-26,14767.63,14800.974361113935,33.34436111393552
18,58,2012-10-26,2175.0,7360.759180250962,5185.759180250962
23,54,2012-10-26,32.76,62.30401678351575,29.54401678351575
41,49,2012-10-26,5785.61,7610.0081269102175,1824.3981269102178
39,55,2012-10-26,10390.99,9081.02571971079,-1309.9642802892104
23,55,2012-10-26,12614.78,12016.514465160848,-598.2655348391527
14,1,2012-10-26,48143.51,22968.47196005167,-25175.038039948333
39,81,2012-10-26,20232.22,21095.387951632805,863.167951632804
2,16,2012-10-26,7487.94,8354.28763401781,866.3476340178104
13,82,2012-10-26,31526.31,32064.809447200856,538.4994472008548
41,48,2012-10-26,3096.0,3984.808281936207,888.8082819362071
1,19,2012-10-26,1640.81,1237.9437971465593,-402.86620285344065
2,14,2012-10-26,18348.17,19368.584636862677,1020.4146368626789
3,87,2012-10-26,900.85,1750.9813429471155,850.1313429471155
23,82,2012-10-26,25884.17,24070.25485296418,-1813.9151470358192
13,92,2012-10-26,183483.92,201158.20045960293,17674.280459602916
39,67,2012-10-26,12192.45,12134.738755470134,-57.711244529866235
2,12,2012-10-26,8060.19,8039.766190331282,-20.423809668717695
2,13,2012-10-26,47892.06,47244.76263051087,-647.2973694891261
45,97,2012-10-26,6817.48,6100.469946007936,-717.0100539920631
3,92,2012-10-26,9835.2,10225.37036008633,390.1703600863293
23,83,2012-10-26,1062.54,1386.9095519720213,324.3695519720213
3,90,2012-10-26,1868.32,1747.2842573997377,-121.03574260026221
18,34,2012-10-26,19055.36,21648.739958281687,2593.3799582816864
13,87,2012-10-26,19042.89,20441.37933470154,1398.4893347015422
23,91,2012-10-26,22229.8,23437.801840184293,1208.0018401842935
41,55,2012-10-26,7325.34,6690.069719414766,-635.2702805852341
13,91,2012-10-26,80238.08,91422.3493997523,11184.269399752302
18,33,2012-10-26,6841.77,9627.384607129497,2785.614607129497
39,60,2012-10-26,486.0,580.9922935737875,94.99229357378749
23,90,2012-10-26,25010.53,25692.134233596953,681.6042335969541
18,67,2012-10-26,6612.4,5995.35786481643,-617.0421351835694
23,87,2012-10-26,32810.03,38567.740942796285,5757.710942796286
39,59,2012-10-26,204.82,397.49660671939034,192.67660671939035
3,91,2012-10-26,376.04,548.7571808365049,172.71718083650484
23,85,2012-10-26,3935.06,4617.621237818091,682.5612378180908
39,56,2012-10-26,1357.35,1949.086195182691,591.7361951826911
18,71,2012-10-26,5721.31,5627.194055106699,-94.11594489330128
39,58,2012-10-26,2390.0,5411.408860947223,3021.408860947223
41,87,2012-10-26,14536.3,15027.491071390028,491.1910713900288
23,72,2012-10-26,51421.23,75443.72552135494,24022.495521354933
13,95,2012-10-26,127416.33,141868.24167106164,14451.911671061636
3,94,2012-10-26,313.78,66.2879191604005,-247.49208083959945
13,85,2012-10-26,4671.35,4246.528211723233,-424.8217882767676
18,31,2012-10-26,2459.71,2517.163463649807,57.45346364980696
23,93,2012-10-26,1882.72,2101.212236721732,218.49223672173207
3,82,2012-10-26,8566.11,8926.725482385284,360.61548238528303
23,74,2012-10-26,35005.78,38674.91887241608,3669.138872416079
39,72,2012-10-26,51833.63,56121.78614080859,4288.156140808591
13,93,2012-10-26,49032.14,55712.07621862121,6679.936218621209
18,72,2012-10-26,59084.72,54901.44391311013,-4183.2760868898695
45,55,2012-10-26,3458.17,3753.2834145739334,295.11341457393337
13,94,2012-10-26,75470.79,80733.39287171818,5262.602871718191
18,59,2012-10-26,169.82,292.29314632912354,122.47314632912355
3,85,2012-10-26,345.44,668.0118554746045,322.57185547460455
23,92,2012-10-26,73499.33,83002.89851712793,9503.568517127933
41,54,2012-10-26,28.8,41.859328672759844,13.059328672759843
23,80,2012-10-26,1564.84,1753.6844444391966,188.84444443919665
39,71,2012-10-26,6218.67,7347.628870780408,1128.9588707804078
18,32,2012-10-26,6842.45,7326.707400802253,484.25740080225296
23,81,2012-10-26,9131.38,10281.39314521963,1150.013145219631
23,79,2012-10-26,26685.99,29427.261599701735,2741.271599701733
18,82,2012-10-26,28394.02,17567.89720359891,-10826.12279640109
3,71,2012-10-26,1107.68,968.1467643496671,-139.53323565033293
1,1,2012-10-26,27390.81,22956.87282607779,-4433.9371739222115
18,94,2012-10-26,8188.72,9057.941750747254,869.2217507472533
18,38,2012-10-26,61940.58,59096.61338890124,-2843.96661109876
39,49,2012-10-26,8012.22,8738.878632744976,726.6586327449759
23,32,2012-10-26,8134.15,10017.373917297497,1883.2239172974969
3,52,2012-10-26,1245.77,1240.6750837038765,-5.094916296123529
41,44,2012-10-26,6264.97,5569.49141644382,-695.4785835561806
23,33,2012-10-26,10462.62,13250.513723969258,2787.893723969257
14,11,2012-10-26,12906.02,17405.914832151735,4499.894832151735
18,22,2012-10-26,14520.65,15008.969551557373,488.3195515573734
45,58,2012-10-26,275.0,2475.618562465191,2200.618562465191
39,94,2012-10-26,69672.5,83510.75326047494,13838.253260474943
3,54,2012-10-26,23.92,49.81837350530997,25.89837350530997
23,34,2012-10-26,24845.08,26185.483067658806,1340.4030676588045
18,93,2012-10-26,3040.58,3784.4946788500647,743.9146788500648
14,10,2012-10-26,15767.6,15275.101452722276,-492.49854727772436
13,79,2012-10-26,49904.89,53191.78962285881,3286.8996228588076
2,19,2012-10-26,4315.0,4253.182284122628,-61.81771587737239
3,55,2012-10-26,6525.8,7482.683142949878,956.8831429498778
24,2,2012-10-26,38496.62,38890.85346528894,394.23346528894035
18,23,2012-10-26,34150.91,34252.55503705945,101.64503705944662
23,35,2012-10-26,4447.63,5034.122025170548,586.492025170548
39,92,2012-10-26,125396.21,152275.88235785023,26879.672357850228
39,93,2012-10-26,45735.05,47012.19529423569,1277.1452942356846
18,92,2012-10-26,79880.45,77963.82417968288,-1916.6258203171164
24,3,2012-10-26,7733.14,8332.458063843596,599.3180638435961
14,12,2012-10-26,4962.44,4137.867437896185,-824.5725621038146
18,40,2012-10-26,60018.08,58656.35834981394,-1361.7216501860603
13,74,2012-10-26,26833.9,28897.08510044948,2063.1851004494783
18,20,2012-10-26,6831.11,7473.542502245191,642.4325022451912
23,28,2012-10-26,2434.03,1797.4708898981933,-636.5591101018069
18,97,2012-10-26,7883.3,7896.227445979651,12.927445979650656
14,14,2012-10-26,19284.29,17698.8166181823,-1585.473381817701
3,49,2012-10-26,11.88,36.54452076158339,24.66452076158339
41,85,2012-10-26,1845.64,1981.369304568823,135.72930456882295
23,29,2012-10-26,11872.74,11314.910720448559,-557.8292795514408
24,4,2012-10-26,28764.29,29097.798674672475,333.5086746724737
45,52,2012-10-26,1104.16,950.5652041526504,-153.5947958473497
39,95,2012-10-26,114734.96,115674.61276838201,939.6527683820023
23,30,2012-10-26,6530.32,5801.1784272462555,-729.1415727537442
1,17,2012-10-26,7640.92,7934.719235021105,293.79923502110523
18,21,2012-10-26,4130.41,3810.3461748317095,-320.06382516829035
14,13,2012-10-26,50891.22,52324.27716453921,1433.057164539212
18,96,2012-10-26,-11.51,-3.228480687583048,8.281519312416952
2,20,2012-10-26,3690.65,4830.462874987649,1139.8128749876491
2,1,2012-10-26,41615.24,32838.97741928688,-8776.262580713119
18,95,2012-10-26,63251.27,56623.09147122168,-6628.178528778313
41,59,2012-10-26,302.6,498.55780853117227,195.95780853117225
23,31,2012-10-26,4624.13,5089.412185202375,465.28218520237533
13,90,2012-10-26,128116.96,147601.00034252479,19484.04034252478
23,36,2012-10-26,2407.25,3181.2169463743785,773.9669463743785
2,11,2012-10-26,21167.76,19948.15727403162,-1219.6027259683797
18,55,2012-10-26,8752.39,6647.8523185692775,-2104.537681430722
41,71,2012-10-26,3849.6,4792.944793591478,943.3447935914778
23,42,2012-10-26,12043.19,14046.921246335205,2003.7312463352046
14,6,2012-10-26,4463.68,3211.4840585705933,-1252.195941429407
1,18,2012-10-26,17934.28,8578.405077695521,-9355.874922304478
41,58,2012-10-26,6885.0,10032.100549540848,3147.100549540848
13,81,2012-10-26,32497.21,35455.92704182372,2958.717041823722
3,60,2012-10-26,126.0,301.70847157275864,175.70847157275864
18,56,2012-10-26,855.21,2067.6547498395867,1212.4447498395866
39,87,2012-10-26,7806.35,9220.472564992404,1414.1225649924036
23,44,2012-10-26,8549.65,7784.882804800145,-764.7671951998545
18,85,2012-10-26,2374.69,1648.006973003605,-726.683026996395
14,5,2012-10-26,33972.05,30237.347565522363,-3734.70243447764
18,83,2012-10-26,1622.36,2347.88511406741,725.5251140674102
3,67,2012-10-26,2053.75,2195.7882863659866,142.03828636598655
23,46,2012-10-26,32815.19,33571.82034415602,756.6303441560158
18,36,2012-10-26,2320.55,2579.1845144445897,258.6345144445895
14,4,2012-10-26,43258.67,41238.01009745309,-2020.6599025469113
23,98,2012-10-26,163.15,260.9472743937997,97.79727439379971
39,54,2012-10-26,39.88,40.34663380506856,0.4666338050685539
23,97,2012-10-26,6900.44,7553.536865043083,653.0968650430832
39,85,2012-10-26,1069.1,1236.047587783525,166.94758778352502
23,49,2012-10-26,30540.38,29451.88759041983,-1088.4924095801725
18,27,2012-10-26,3083.2,2904.4911244392583,-178.7088755607415
39,90,2012-10-26,87632.95,98120.76607837676,10487.816078376767
18,26,2012-10-26,9701.51,13391.363382447455,3689.8533824474544
14,7,2012-10-26,47048.93,38590.21024988189,-8458.719750118107
41,45,2012-10-26,41.82,43.96149771869219,2.141497718692193
14,9,2012-10-26,22905.37,17082.610232237246,-5822.759767762753
18,24,2012-10-26,7290.09,9602.874223642038,2312.7842236420383
18,91,2012-10-26,25552.73,26586.776198471758,1034.0461984717585
39,52,2012-10-26,2730.43,1760.255721340467,-970.1742786595328
39,91,2012-10-26,63392.5,83328.24023875869,19935.74023875869
13,80,2012-10-26,18743.54,19802.212591926833,1058.672591926832
23,38,2012-10-26,46706.24,44818.40988674674,-1887.8301132532579
18,90,2012-10-26,28935.82,28081.327410756494,-854.4925892435058
45,95,2012-10-26,56017.47,50143.94794538781,-5873.522054612193
14,8,2012-10-26,48336.61,44851.42477526732,-3485.1852247326824
41,46,2012-10-26,24766.52,27384.82710801875,2618.307108018751
2,18,2012-10-26,26085.43,15642.037002537172,-10443.392997462828
18,25,2012-10-26,16932.77,17251.22444903008,318.45444903007956
24,1,2012-10-26,26287.58,21132.174415045087,-5155.405584954915
18,87,2012-10-26,17935.77,21927.129993398983,3991.3599933989826
3,56,2012-10-26,312.62,693.7969577462545,381.1769577462545
3,97,2012-10-26,578.26,653.4021636147845,75.14216361478452
3,16,2012-10-26,3285.67,4761.640104807019,1475.9701048070192
2,17,2012-10-26,12016.19,13291.035023282078,1274.8450232820778
23,40,2012-10-26,62950.8,67770.69152403578,4819.891524035775
3,59,2012-10-26,20.0,33.32119610646857,13.32119610646857
23,41,2012-10-26,2091.03,2029.198671793273,-61.83132820672722
39,96,2012-10-26,28887.53,29651.094869376793,763.5648693767944
45,90,2012-10-26,25352.32,23750.642741266005,-1601.6772587339947
22,54,2012-10-26,70.84,38.68409291056395,-32.155907089436056
22,85,2012-10-26,2543.68,2504.9316571429213,-38.74834285707857
20,44,2012-10-26,10273.49,9877.065699382561,-396.42430061743835
21,38,2012-10-26,29891.62,32018.501194064153,2126.8811940641535
15,30,2012-10-26,1947.34,2066.4231915034093,119.08319150340935
2,56,2012-10-26,707.65,2209.1633943817224,1501.5133943817223
21,40,2012-10-26,38642.59,37929.19948092122,-713.3905190787773
15,29,2012-10-26,3837.51,3449.8966408943343,-387.61335910566595
41,4,2012-10-26,32699.78,34896.20754564073,2196.427545640734
21,41,2012-10-26,3607.14,3352.444236598319,-254.69576340168078
15,28,2012-10-26,1036.32,867.5332398265022,-168.78676017349778
2,34,2012-10-26,16047.51,16344.867145634049,297.3571456340487
1,8,2012-10-26,39255.35,39288.82974579538,33.47974579538277
21,42,2012-10-26,5704.4,5871.252871521676,166.8528715216762
20,42,2012-10-26,9964.13,9919.886944428843,-44.24305557115622
15,27,2012-10-26,1593.41,1760.4654277872596,167.05542778725953
41,3,2012-10-26,11582.4,12924.95756880283,1342.5575688028312
21,44,2012-10-26,5534.94,4845.7767086226895,-689.1632913773101
20,41,2012-10-26,6934.46,8680.432447598077,1745.9724475980775
21,46,2012-10-26,16432.01,16870.663976122127,438.65397612212837
15,26,2012-10-26,4838.85,6104.4344858317845,1265.5844858317841
15,25,2012-10-26,7571.73,9647.891380129864,2076.1613801298645
21,49,2012-10-26,11692.02,9752.991978113118,-1939.028021886883
20,40,2012-10-26,87201.43,89714.80235211643,2513.3723521164356
21,52,2012-10-26,2975.42,2134.6267536779505,-840.7932463220495
15,24,2012-10-26,4367.31,5121.3679930397575,754.0579930397571
2,58,2012-10-26,25000.0,23632.67017734854,-1367.3298226514598
41,23,2012-10-26,22995.55,21447.587507282115,-1547.9624927178847
15,31,2012-10-26,2343.69,2049.9454152916323,-293.7445847083677
21,36,2012-10-26,1376.48,1472.737257696851,96.25725769685096
20,46,2012-10-26,29213.23,29433.912547059692,220.6825470596923
21,27,2012-10-26,2574.93,1506.5015337437871,-1068.4284662562127
15,41,2012-10-26,1970.46,1793.0818285162995,-177.3781714837005
21,28,2012-10-26,735.86,812.4102940366652,76.55029403666515
15,40,2012-10-26,27476.77,30943.889245186827,3467.1192451868264
2,54,2012-10-26,23.92,55.36504939603236,31.44504939603236
45,91,2012-10-26,16330.84,16599.806090088965,268.96609008896485
21,29,2012-10-26,5058.1,4716.276103784957,-341.82389621504353
2,35,2012-10-26,2671.37,3218.3066262615826,546.9366262615827
15,38,2012-10-26,49243.96,49739.19333815298,495.23333815298247
41,6,2012-10-26,3191.19,3525.357150728205,334.1671507282049
21,30,2012-10-26,4318.48,4508.673768842244,190.19376884224403
15,36,2012-10-26,1230.69,1423.509401852653,192.81940185265285
15,23,2012-10-26,19815.37,21664.08989373135,1848.7198937313515
21,31,2012-10-26,3668.43,3571.966985731558,-96.46301426844184
45,83,2012-10-26,717.82,785.1810476222896,67.36104762228956
21,32,2012-10-26,4805.04,6106.008833723108,1300.9688337231082
15,35,2012-10-26,2354.25,2639.2506418164967,285.0006418164967
20,48,2012-10-26,2437.0,5371.6735645502795,2934.6735645502795
21,33,2012-10-26,9098.5,8473.471897166097,-625.0281028339032
15,34,2012-10-26,11964.47,14239.521568314918,2275.0515683149188
2,55,2012-10-26,11189.37,9772.889124259907,-1416.4808757400933
21,34,2012-10-26,18124.24,16967.024096545054,-1157.2159034549477
15,33,2012-10-26,4770.0,5153.391793880715,383.39179388071534
41,5,2012-10-26,26750.82,24000.879172537072,-2749.9408274629277
21,35,2012-10-26,2191.29,1849.8034082225345,-341.4865917774655
15,32,2012-10-26,4229.74,3508.4080405985937,-721.331959401406
20,49,2012-10-26,18650.94,22933.587579299172,4282.647579299173
20,50,2012-10-26,2486.5,2515.5342148587147,29.034214858714677
45,82,2012-10-26,17360.33,14031.606290418365,-3328.7237095816363
21,55,2012-10-26,5374.32,5841.51932596357,467.1993259635701
20,34,2012-10-26,20153.13,20182.736635521807,29.60663552180631
2,32,2012-10-26,7406.89,9490.94574311432,2084.0557431143197
1,9,2012-10-26,41040.84,38074.43208750945,-2966.4079124905475
15,12,2012-10-26,3493.79,3139.9889311056068,-353.8010688943932
41,80,2012-10-26,17751.1,18953.481397868196,1202.3813978681974
20,33,2012-10-26,9676.34,8007.947165553873,-1668.3928344461274
21,80,2012-10-26,10.97,87.47837032908663,76.50837032908663
15,11,2012-10-26,11254.63,12929.285945474578,1674.6559454745784
2,67,2012-10-26,10224.32,11212.104650711995,987.7846507119957
21,81,2012-10-26,6087.83,6276.49318157084,188.6631815708397
21,82,2012-10-26,14190.06,14003.498074774605,-186.5619252253946
15,10,2012-10-26,10591.79,12202.118560799008,1610.3285607990074
20,32,2012-10-26,10498.09,13081.15550080683,2583.0655008068297
40,97,2012-10-26,15555.73,16999.872791297174,1444.142791297174
45,81,2012-10-26,14693.09,15359.000782262749,665.9107822627484
21,83,2012-10-26,132.38,305.86017079926046,173.48017079926046
15,9,2012-10-26,14152.44,15560.673284053533,1408.2332840535328
21,85,2012-10-26,789.78,958.9662206481079,169.1862206481079
15,8,2012-10-26,20195.09,21791.913577589814,1596.8235775898138
2,71,2012-10-26,3588.43,4672.912037392559,1084.482037392559
20,31,2012-10-26,2861.83,3101.4956785096083,239.66567850960837
41,26,2012-10-26,8688.87,8951.682024595388,262.8120245953869
21,87,2012-10-26,5649.49,6387.307622722802,737.8176227228023
15,7,2012-10-26,20440.04,16550.77708386046,-3889.2629161395416
40,96,2012-10-26,12911.09,16477.055068037607,3565.965068037607
21,79,2012-10-26,18356.24,19681.463391198216,1325.2233911982148
15,13,2012-10-26,17252.06,18276.527008069093,1024.4670080690921
21,74,2012-10-26,9257.78,9437.231061527371,179.45106152737026
41,25,2012-10-26,11299.92,10096.084723899565,-1203.8352761004353
41,24,2012-10-26,6206.37,6144.674160796358,-61.69583920364221
15,22,2012-10-26,5582.9,8733.015032477795,3150.1150324777955
20,38,2012-10-26,108597.09,122029.38191871451,13432.291918714516
21,56,2012-10-26,398.79,1349.0291463470849,950.2391463470849
15,21,2012-10-26,2959.0,2879.918046102386,-79.08195389761386
1,4,2012-10-26,36292.6,37361.19174394496,1068.5917439449622
21,58,2012-10-26,640.0,1321.4000739986634,681.4000739986634
15,20,2012-10-26,3271.8,4016.2319189130826,744.4319189130824
2,33,2012-10-26,6969.78,6402.246241722881,-567.533758277119
2,59,2012-10-26,287.25,525.9482436293026,238.69824362930262
21,59,2012-10-26,192.5,372.93757185011344,180.43757185011344
20,37,2012-10-26,4735.38,4451.208520934633,-284.17147906536684
41,2,2012-10-26,47645.15,51046.04063730483,3400.8906373048303
15,19,2012-10-26,1046.58,1201.5854152031961,155.0054152031962
21,60,2012-10-26,135.0,473.19452190990523,338.19452190990523
15,18,2012-10-26,7041.82,3828.3966365774418,-3213.423363422558
20,36,2012-10-26,2004.44,2125.995860125284,121.55586012528374
21,67,2012-10-26,5009.14,4606.977584107151,-402.1624158928489
15,17,2012-10-26,10027.9,12809.703051800805,2781.8030518008054
21,71,2012-10-26,3878.9,4491.8335931297715,612.9335931297715
15,16,2012-10-26,2687.59,3932.828639385217,1245.2386393852166
2,60,2012-10-26,261.0,534.697677009316,273.69767700931595
20,35,2012-10-26,5331.93,5158.438945167648,-173.49105483235235
21,72,2012-10-26,28988.28,37823.963117528,8835.683117528002
15,14,2012-10-26,9164.35,11960.550149595754,2796.200149595754
40,98,2012-10-26,7978.21,8128.363474763477,150.15347476347688
41,1,2012-10-26,39498.1,29282.28578296713,-10215.814217032868
21,90,2012-10-26,11201.39,11112.5513088738,-88.83869112619868
41,74,2012-10-26,16292.31,18134.013518681266,1841.7035186812664
21,26,2012-10-26,11819.2,10871.217064318362,-947.982935681639
20,98,2012-10-26,22042.55,21321.83208350652,-720.7179164934787
15,91,2012-10-26,3335.84,3302.270404844357,-33.56959515564313
20,80,2012-10-26,38326.84,41909.660213088006,3582.820213088009
1,6,2012-10-26,4032.5,4319.37350694026,286.8735069402601
15,90,2012-10-26,5421.62,5257.034002869788,-164.58599713021158
41,12,2012-10-26,4550.3,4231.02887844365,-319.2711215563504
21,1,2012-10-26,17417.37,14376.147740050852,-3041.222259949147
15,87,2012-10-26,9525.71,11594.418253321435,2068.708253321436
41,19,2012-10-26,2232.49,1485.66610296969,-746.8238970303098
21,2,2012-10-26,45086.05,44930.81102501512,-155.23897498488077
45,87,2012-10-26,8187.66,7857.91670779753,-329.74329220247
20,79,2012-10-26,34659.33,38317.20052755064,3657.8705275506363
21,3,2012-10-26,8472.29,9825.596573739424,1353.3065737394227
15,85,2012-10-26,1906.98,3041.8249845890805,1134.8449845890805
2,37,2012-10-26,3999.22,4942.518416918747,943.2984169187471
21,4,2012-10-26,16549.33,17277.838002795343,728.5080027953409
15,83,2012-10-26,176.74,309.31092514495987,132.57092514495986
2,46,2012-10-26,26984.28,30559.17567274642,3574.895672746421
21,5,2012-10-26,14560.82,13684.023952634941,-876.7960473650583
15,82,2012-10-26,10721.75,9873.53197587782,-848.2180241221795
20,74,2012-10-26,18137.52,21600.43642590582,3462.91642590582
41,11,2012-10-26,14446.58,14721.193455324217,274.6134553242173
21,6,2012-10-26,1721.05,1759.1166351200245,38.06663512002456
15,81,2012-10-26,4313.34,4162.154952698992,-151.18504730100813
20,72,2012-10-26,86319.25,98872.61754502171,12553.367545021712
1,5,2012-10-26,25846.94,22426.31144650394,-3420.628553496059
2,44,2012-10-26,11080.74,11384.207111284699,303.46711128469906
15,92,2012-10-26,20264.37,21289.564275273384,1025.1942752733848
20,97,2012-10-26,22627.7,26688.93653244088,4061.2365324408784
20,90,2012-10-26,93460.57,103803.42486889544,10342.854868895432
15,98,2012-10-26,211.29,578.7931866774093,367.5031866774093
2,40,2012-10-26,77608.73,95180.39434997385,17571.664349973857
41,17,2012-10-26,12472.95,14323.078679742208,1850.1286797422072
20,91,2012-10-26,68510.86,79125.26989356898,10614.409893568984
20,87,2012-10-26,45057.81,44924.307863337985,-133.50213666201307
15,97,2012-10-26,1390.72,1519.2099420356678,128.4899420356678
20,85,2012-10-26,4807.21,4492.7249930490225,-314.48500695097755
41,18,2012-10-26,20517.78,16313.702194771386,-4204.077805228613
20,92,2012-10-26,160785.98,200794.63243191657,40008.65243191656
15,96,2012-10-26,3427.45,2869.763362616892,-557.6866373831076
2,41,2012-10-26,1934.51,3552.0848105705404,1617.5748105705404
21,7,2012-10-26,18901.07,18019.281308714733,-881.7886912852664
41,16,2012-10-26,4686.39,5631.4987530465105,945.1087530465102
15,95,2012-10-26,24452.7,25860.326990376332,1407.6269903763314
20,83,2012-10-26,3863.3,4953.874556137287,1090.574556137287
41,14,2012-10-26,16355.99,17729.15656622962,1373.16656622962
20,94,2012-10-26,59836.84,61574.35385512994,1737.513855129946
2,38,2012-10-26,70757.72,88942.6178312697,18184.8978312697
15,94,2012-10-26,11.0,47.53982542051638,36.53982542051638
20,82,2012-10-26,32798.62,31384.85200639953,-1413.7679936004715
20,95,2012-10-26,141644.44,181076.41643197232,39431.97643197232
2,42,2012-10-26,8658.25,8307.19119998673,-351.05880001327023
15,93,2012-10-26,384.24,521.7800507394777,137.5400507394777
41,13,2012-10-26,34076.71,37874.79162469868,3798.0816246986797
20,81,2012-10-26,34302.02,38401.144591198485,4099.124591198488
20,93,2012-10-26,45077.0,53378.82695365847,8301.82695365847
15,42,2012-10-26,3901.42,4184.072755001351,282.65275500135067
15,80,2012-10-26,63.2,55.98468250376324,-7.215317496236764
21,8,2012-10-26,16066.44,15398.060765594939,-668.3792344050617
21,18,2012-10-26,12669.05,6903.444288362322,-5765.605711637677
15,56,2012-10-26,811.1,1650.6557235323464,839.5557235323464
20,56,2012-10-26,590.64,2171.881936004524,1581.2419360045242
2,6,2012-10-26,5253.54,5924.158169723365,670.6181697233651
21,19,2012-10-26,2068.97,1761.5584003379374,-307.4115996620624
15,55,2012-10-26,5846.85,3912.475322925873,-1934.3746770741272
2,49,2012-10-26,12565.94,16607.6576832048,4041.717683204801
20,55,2012-10-26,18965.73,15493.898231767782,-3471.8317682322177
21,20,2012-10-26,4428.92,4678.666688590586,249.74668859058602
15,52,2012-10-26,1575.2,1377.4623305245955,-197.73766947540457
41,8,2012-10-26,36680.47,38852.05890315773,2171.5889031577317
21,21,2012-10-26,2993.57,3426.5434732064905,432.9734732064903
21,22,2012-10-26,7964.78,6649.239242773535,-1315.5407572264648
15,50,2012-10-26,2163.0,2387.4182455668447,224.4182455668447
21,23,2012-10-26,33724.7,33043.94265439415,-680.7573456058453
15,49,2012-10-26,10316.06,10395.37838332661,79.31838332661027
20,54,2012-10-26,9.76,43.54694115430746,33.78694115430746
41,22,2012-10-26,10365.66,12817.164002982767,2451.504002982767
21,24,2012-10-26,9739.17,9756.738415943779,17.568415943778746
15,46,2012-10-26,10997.11,10413.98928359247,-583.1207164075313
20,52,2012-10-26,2562.04,3145.0644872226208,583.0244872226208
2,52,2012-10-26,3589.04,4547.80847593077,958.7684759307704
21,25,2012-10-26,16775.68,15914.74596447672,-860.9340355232798
15,44,2012-10-26,4133.48,3589.279327350762,-544.2006726492377
41,7,2012-10-26,22784.76,26044.733653809402,3259.973653809404
15,58,2012-10-26,900.0,1811.1638489987135,911.1638489987135
45,85,2012-10-26,1689.1,1390.520039454643,-298.5799605453569
21,17,2012-10-26,5775.76,6109.743869210607,333.9838692106068
1,7,2012-10-26,21449.85,22247.467549446836,797.6175494468371
15,79,2012-10-26,7687.24,7799.999026351085,112.7590263510856
41,79,2012-10-26,22083.76,21725.973519892403,-357.7864801075957
21,9,2012-10-26,14822.42,13822.895611012085,-999.5243889879148
20,71,2012-10-26,6407.73,6826.524490895613,418.7944908956133
41,20,2012-10-26,4399.35,4734.672966208983,335.3229662089825
15,74,2012-10-26,10451.74,13265.064991436622,2813.3249914366224
20,67,2012-10-26,16394.56,15149.283515858428,-1245.2764841415737
21,10,2012-10-26,12538.6,13422.935651720954,884.335651720954
15,72,2012-10-26,32262.23,35920.87405958694,3658.644059586939
2,36,2012-10-26,1033.32,1188.9256064923243,155.60560649232434
21,11,2012-10-26,10170.58,10123.634478845639,-46.945521154360904
20,60,2012-10-26,531.0,766.2485601243407,235.24856012434066
41,10,2012-10-26,19876.67,19109.53810314103,-767.1318968589694
21,12,2012-10-26,2475.61,3293.3484812105953,817.7384812105952
2,48,2012-10-26,1420.0,3248.3836233284314,1828.3836233284314
21,13,2012-10-26,25437.03,30194.346890987064,4757.316890987066
15,67,2012-10-26,5937.75,4854.917981696741,-1082.8320183032592
20,59,2012-10-26,526.01,634.2310231467745,108.22102314677454
41,9,2012-10-26,24740.34,39197.47719443147,14457.13719443147
21,14,2012-10-26,12839.17,12524.404148742859,-314.76585125714155
15,60,2012-10-26,63.0,191.35705563625743,128.35705563625743
41,21,2012-10-26,4417.46,4972.975132501463,555.5151325014631
21,16,2012-10-26,1354.08,2107.36805639731,753.2880563973099
20,58,2012-10-26,6195.0,3951.9229074535706,-2243.0770925464294
15,59,2012-10-26,88.93,214.02440529912383,125.09440529912382
2,5,2012-10-26,30891.9,29810.405641611702,-1081.4943583882996
15,71,2012-10-26,3985.52,3211.1651212502957,-774.3548787497043
14,40,2012-10-26,60254.06,66018.89436880188,5764.8343688018795
15,6,2012-10-26,1708.92,2240.485570028856,531.5655700288557
21,91,2012-10-26,6273.45,6571.610251736554,298.1602517365545
22,38,2012-10-26,75239.03,73769.20080894389,-1469.8291910561093
2,98,2012-10-26,14233.43,14585.32889279988,351.89889279987983
22,40,2012-10-26,59152.96,56494.22205737243,-2658.7379426275656
1,12,2012-10-26,8658.41,10405.077323789103,1746.6673237891027
14,59,2012-10-26,276.09,500.4046398598172,224.31463985981725
40,49,2012-10-26,60.0,48.45688410403241,-11.543115895967588
20,7,2012-10-26,64594.17,58396.255570608104,-6197.914429391894
40,48,2012-10-26,894.0,2097.820606982938,1203.820606982938
22,41,2012-10-26,775.94,630.7062819972095,-145.2337180027905
3,1,2012-10-26,11351.24,11274.905396322347,-76.33460367765292
22,42,2012-10-26,8581.38,7526.852920463364,-1054.527079536635
14,58,2012-10-26,13550.0,15474.477979188103,1924.4779791881028
40,46,2012-10-26,8087.91,8106.687231483041,18.77723148304085
3,2,2012-10-26,18894.7,20058.48891871404,1163.788918714039
22,44,2012-10-26,8169.98,7247.99781914634,-921.9821808536599
14,56,2012-10-26,773.78,1471.5229289493464,697.7429289493464
45,93,2012-10-26,2487.8,2464.170126396051,-23.629873603949363
40,45,2012-10-26,17.91,48.58976458102327,30.679764581023267
40,44,2012-10-26,3930.62,3583.129249464078,-347.49075053592196
45,72,2012-10-26,33366.6,31159.50937684873,-2207.090623151267
22,46,2012-10-26,21552.42,20986.202690343358,-566.2173096566403
3,3,2012-10-26,4730.72,5206.354846542295,475.6348465422943
22,49,2012-10-26,20.94,31.459517312017294,10.519517312017292
41,33,2012-10-26,7067.08,7177.556983434766,110.47698343476623
14,55,2012-10-26,14159.81,10390.931320883774,-3768.8786791162256
20,8,2012-10-26,81543.54,81107.04318593376,-436.4968140662386
40,52,2012-10-26,913.76,1017.9508446833123,104.19084468331232
14,60,2012-10-26,234.0,518.6061227483018,284.6061227483018
22,36,2012-10-26,2177.56,2442.1139686717106,264.55396867171066
40,59,2012-10-26,134.01,176.7031192988299,42.69311929882991
22,29,2012-10-26,7662.57,8075.630728429652,413.06072842965204
14,74,2012-10-26,16896.59,17070.57443781326,173.9844378132584
2,3,2012-10-26,10731.67,11458.62528204447,726.9552820444696
40,58,2012-10-26,6975.0,3004.5300213209634,-3970.4699786790366
45,74,2012-10-26,9814.88,9666.32645744608,-148.5535425539183
2,27,2012-10-26,2105.89,1890.2343075120446,-215.65569248795532
22,30,2012-10-26,3616.92,3769.8934933432433,152.97349334324326
20,11,2012-10-26,20101.09,21458.008261211435,1356.9182612114346
22,31,2012-10-26,3211.24,3202.114613539391,-9.125386460608752
14,72,2012-10-26,63071.17,83337.2977964495,20266.127796449495
2,95,2012-10-26,138018.99,163837.7482784358,25818.758278435824
40,42,2012-10-26,5043.68,4782.797449922934,-260.8825500770663
40,56,2012-10-26,732.46,1377.0525811227583,644.5925811227582
22,33,2012-10-26,8032.91,8071.98017949421,39.0701794942097
14,71,2012-10-26,6073.54,7232.9274707648,1159.3874707648001
20,10,2012-10-26,51032.27,44635.19657622158,-6397.07342377842
2,96,2012-10-26,38391.46,38373.7298494128,-17.730150587201933
40,55,2012-10-26,7460.95,5849.657528271832,-1611.2924717281676
22,34,2012-10-26,22569.23,22852.176120744818,282.9461207448185
14,67,2012-10-26,11561.23,11778.013460493217,216.78346049321772
20,9,2012-10-26,37357.51,46013.06497177636,8655.554971776357
41,32,2012-10-26,4339.15,4980.569500828033,641.419500828033
2,97,2012-10-26,40710.09,42769.212969471846,2059.1229694718495
22,35,2012-10-26,4945.25,5614.308544104413,669.0585441044132
40,54,2012-10-26,25.0,31.35917897834137,6.359178978341369
22,32,2012-10-26,5051.14,4614.643719350979,-436.4962806490212
22,28,2012-10-26,1396.64,1179.2950767332056,-217.34492326679447
3,4,2012-10-26,8459.82,9906.678768906102,1446.8587689061023
22,52,2012-10-26,2462.16,2427.4447104455826,-34.71528955441727
14,46,2012-10-26,25377.12,24155.835133153036,-1221.2848668469633
3,10,2012-10-26,14112.99,13218.903374163636,-894.086625836364
40,33,2012-10-26,3474.71,3588.7978651248914,114.08786512489132
22,74,2012-10-26,15270.62,16466.838428717623,1196.2184287176224
3,11,2012-10-26,9291.66,10171.370215460902,879.710215460902
22,79,2012-10-26,17199.82,15303.202038202426,-1896.617961797574
45,71,2012-10-26,2789.38,3140.8904831173077,351.51048311730756
14,44,2012-10-26,6178.72,5183.156553313049,-995.5634466869515
40,32,2012-10-26,4259.24,3369.5736429681538,-889.666357031846
3,12,2012-10-26,2648.01,2424.398209043428,-223.61179095657235
22,80,2012-10-26,1790.93,1547.5735044574146,-243.35649554258544
20,3,2012-10-26,10885.25,12197.833669988619,1312.5836699886186
14,42,2012-10-26,6639.76,6317.121542334607,-322.6384576653936
40,31,2012-10-26,1200.92,1470.9932730307748,270.07327303077477
22,81,2012-10-26,13885.79,13018.98508855273,-866.8049114472706
3,13,2012-10-26,11696.34,13486.142053719283,1789.8020537192824
40,30,2012-10-26,2193.46,2053.3938260759396,-140.06617392406042
22,82,2012-10-26,28147.58,19012.367574571228,-9135.212425428774
14,41,2012-10-26,4077.44,4533.90082701417,456.46082701417026
20,2,2012-10-26,71738.18,79639.43021013575,7901.250210135753
2,2,2012-10-26,62475.44,82360.69701910345,19885.257019103447
3,14,2012-10-26,4716.3,5455.479677638797,739.1796776387964
22,83,2012-10-26,1530.5,1374.0654402421833,-156.43455975781671
41,34,2012-10-26,13533.02,13302.46664656528,-230.5533534347196
40,29,2012-10-26,2595.56,3566.5296486893344,970.9696486893345
22,72,2012-10-26,65284.84,63883.97243722229,-1400.8675627777047
40,34,2012-10-26,7239.76,7856.278558260232,616.5185582602317
20,4,2012-10-26,49009.46,51977.37400627738,2967.9140062773804
1,13,2012-10-26,38512.48,40134.394439226526,1621.9144392265225
40,41,2012-10-26,192.44,316.0240907397729,123.58409073977288
41,72,2012-10-26,43156.7,52400.19633961061,9243.49633961061
3,5,2012-10-26,15307.6,14402.023571772905,-905.5764282270957
22,55,2012-10-26,9158.8,6773.698678560467,-2385.1013214395325
14,52,2012-10-26,2040.33,2387.934948013789,347.604948013789
1,3,2012-10-26,9350.9,10320.672521480474,969.7725214804741
40,40,2012-10-26,33158.41,37399.44988629105,4241.039886291044
41,82,2012-10-26,19384.88,20275.719054388283,890.8390543882815
22,56,2012-10-26,645.05,2423.0144162624792,1777.9644162624793
3,6,2012-10-26,1435.94,1731.5276400646778,295.58764006467777
22,58,2012-10-26,5680.0,2857.7998379461883,-2822.2001620538117
40,38,2012-10-26,36641.71,38839.58355003967,2197.8735500396724
20,6,2012-10-26,6802.56,6166.081316719004,-636.4786832809968
3,7,2012-10-26,7749.8,11070.17255286796,3320.3725528679597
14,50,2012-10-26,1611.0,1808.970599329978,197.97059932997809
40,37,2012-10-26,2469.25,2535.7116136842287,66.46161368422872
3,8,2012-10-26,8495.07,9580.854673293916,1085.784673293916
20,5,2012-10-26,43753.95,36855.53058797177,-6898.419412028226
22,60,2012-10-26,567.0,551.2074855398836,-15.792514460116422
40,36,2012-10-26,720.8,919.6357154474665,198.83571544746655
22,67,2012-10-26,12381.77,12036.7451999501,-345.02480004989957
14,49,2012-10-26,13745.64,13232.09581127831,-513.5441887216894
3,9,2012-10-26,9582.02,13239.483415418412,3657.4634154184114
40,35,2012-10-26,1469.74,2018.249991548062,548.5099915480621
2,26,2012-10-26,9258.88,10211.174543958787,952.2945439587875
22,71,2012-10-26,3709.35,4220.77941480136,511.42941480136005
22,59,2012-10-26,343.56,441.4169207391175,97.85692073911747
40,95,2012-10-26,61950.15,67420.55427737698,5470.404277376983
2,94,2012-10-26,71138.52,94589.67530309045,23451.155303090447
14,79,2012-10-26,28966.89,29728.752808826754,761.8628088267542
14,97,2012-10-26,21049.38,22144.246999784133,1094.8669997841316
45,80,2012-10-26,670.88,782.4070277747791,111.52702777477907
2,79,2012-10-26,28451.69,32520.717668702528,4069.027668702529
40,91,2012-10-26,39716.14,43092.64704935441,3376.5070493544117
22,4,2012-10-26,37655.25,35014.287844501894,-2640.962155498106
20,25,2012-10-26,15507.0,16854.962273419515,1347.9622734195145
41,28,2012-10-26,1061.47,821.4084129106927,-240.0615870893073
22,5,2012-10-26,22700.1,21638.75067863305,-1061.3493213669499
14,95,2012-10-26,121352.61,114735.77199501144,-6616.83800498856
2,80,2012-10-26,25410.09,28035.14323020316,2625.0532302031606
40,90,2012-10-26,61155.87,67923.15675050928,6767.28675050928
22,6,2012-10-26,2946.16,2668.386192968294,-277.7738070317059
20,24,2012-10-26,9558.02,7853.550949630494,-1704.4690503695065
2,30,2012-10-26,3869.88,4364.308179564243,494.4281795642428
22,7,2012-10-26,24205.43,22432.353230462493,-1773.076769537507
14,94,2012-10-26,52082.5,49728.45962734716,-2354.0403726528384
2,81,2012-10-26,29040.96,29957.019727706604,916.0597277066045
40,87,2012-10-26,24638.96,26121.115813245757,1482.1558132457576
22,8,2012-10-26,42911.56,39507.94717381118,-3403.6128261888152
20,23,2012-10-26,32653.58,36303.071643139934,3649.4916431399324
40,85,2012-10-26,1691.51,1610.3594166769294,-81.15058332307058
22,9,2012-10-26,26417.14,21317.229760541737,-5099.910239458262
14,93,2012-10-26,46358.21,48026.32796206078,1668.11796206078
2,82,2012-10-26,24997.37,27409.35642794299,2411.9864279429894
22,10,2012-10-26,20541.58,18948.0627988682,-1593.5172011318027
22,3,2012-10-26,7737.38,7825.0093257315275,87.62932573152739
40,92,2012-10-26,91275.7,111986.66760225045,20710.967602250457
22,2,2012-10-26,51685.86,53601.07940547983,1915.219405479831
1,10,2012-10-26,26285.27,29579.807141811554,3294.5371418115537
15,5,2012-10-26,15384.19,14014.267444957188,-1369.9225550428127
20,30,2012-10-26,4767.98,4262.250707954187,-505.72929204581214
24,11,2012-10-26,15894.59,18022.150410890543,2127.5604108905427
15,4,2012-10-26,12911.03,13519.129974450276,608.0999744502751
20,29,2012-10-26,7034.57,8605.64818706398,1571.0781870639803
2,72,2012-10-26,48941.21,87392.71639718242,38451.50639718242
21,93,2012-10-26,499.9,710.4657751069607,210.5657751069607
15,3,2012-10-26,7029.96,6703.186508450477,-326.773491549523
41,27,2012-10-26,1993.6,1921.0266441163599,-72.57335588364003
21,94,2012-10-26,523.25,306.9231263629022,-216.32687363709778
40,94,2012-10-26,32845.06,35438.975441166054,2593.9154411660566
21,95,2012-10-26,36753.31,37304.83432013866,551.524320138662
20,22,2012-10-26,11996.42,15185.826799467286,3189.406799467286
15,2,2012-10-26,23280.58,23147.05021918531,-133.52978081469337
20,28,2012-10-26,1493.63,1334.2144072100853,-159.41559278991485
21,97,2012-10-26,3157.53,3558.669102896364,401.13910289636397
15,1,2012-10-26,21677.69,14995.656022314193,-6682.033977685805
2,31,2012-10-26,3263.14,3724.105825620028,460.9658256200282
20,27,2012-10-26,2794.01,2841.992082190048,47.982082190048004
21,98,2012-10-26,28.12,70.44775321431068,42.327753214310675
2,74,2012-10-26,14547.62,14911.18907736746,363.5690773674596
22,1,2012-10-26,38973.0,22392.570704949543,-16580.429295050457
45,92,2012-10-26,54608.75,49563.076208458086,-5045.673791541914
14,98,2012-10-26,15397.47,15392.211022702832,-5.258977297167803
40,93,2012-10-26,25158.46,27738.46088762162,2580.0008876216198
20,26,2012-10-26,13804.9,15129.336464763275,1324.4364647632756
2,4,2012-10-26,46098.84,44933.40893125662,-1165.4310687433754
20,12,2012-10-26,8411.45,7629.636523467803,-781.8134765321975
14,92,2012-10-26,164464.02,176628.02911382166,12164.009113821667
20,21,2012-10-26,11958.56,13388.11294697275,1429.5529469727499
20,17,2012-10-26,18535.65,20934.018840692355,2398.368840692354
41,81,2012-10-26,19685.98,21451.26352302199,1765.2835230219898
2,28,2012-10-26,1025.47,830.6826283554251,-194.78737164457493
22,21,2012-10-26,5907.63,4914.786279981562,-992.843720018438
20,16,2012-10-26,4841.71,5467.688996330157,625.9789963301573
2,91,2012-10-26,75329.8,92878.11278464051,17548.31278464051
22,22,2012-10-26,10741.48,13941.156641716609,3199.676641716609
14,82,2012-10-26,31561.93,22511.94532647048,-9049.984673529521
40,72,2012-10-26,29888.04,38444.77201854919,8556.732018549192
40,71,2012-10-26,1594.56,2100.57638410296,506.0163841029603
22,23,2012-10-26,30307.26,31100.738366530364,793.4783665303657
1,11,2012-10-26,22399.83,20964.919062748857,-1434.9109372511448
20,14,2012-10-26,20237.54,22139.26430282705,1901.7243028270495
22,24,2012-10-26,8343.45,10011.56061579578,1668.1106157957802
14,81,2012-10-26,35548.17,32940.35243919495,-2607.8175608050515
2,92,2012-10-26,169784.13,203236.81476070534,33452.684760705335
40,67,2012-10-26,6056.88,6949.4647126468535,892.5847126468534
22,25,2012-10-26,10918.5,11907.568094706048,989.0680947060482
14,80,2012-10-26,30902.07,29449.41795159428,-1452.6520484057182
20,13,2012-10-26,52274.87,59335.77873989191,7060.908739891907
22,26,2012-10-26,9881.33,13194.501175750365,3313.1711757503654
2,93,2012-10-26,71383.59,93438.70193795468,22055.111937954687
41,31,2012-10-26,2411.66,2311.511428487384,-100.14857151261594
40,60,2012-10-26,189.0,245.1572072782195,56.15720727821949
22,27,2012-10-26,2616.5,2871.2916816549314,254.79168165493138
14,83,2012-10-26,7547.23,7697.271012820499,150.04101282049942
22,20,2012-10-26,4928.61,5774.694333375432,846.0843333754319
40,74,2012-10-26,10099.56,10277.890142710268,178.33014271026877
41,30,2012-10-26,2521.34,2369.8391624086503,-151.50083759134986
22,11,2012-10-26,11678.8,12258.044389991863,579.2443899918635
2,83,2012-10-26,4489.72,6215.46316225019,1725.74316225019
41,29,2012-10-26,4893.9,4686.701218409233,-207.19878159076688
22,12,2012-10-26,3306.16,3625.7207170889187,319.56071708891886
14,91,2012-10-26,74168.86,78841.82621723018,4672.966217230176
40,82,2012-10-26,15933.08,15015.760996735742,-917.3190032642578
20,20,2012-10-26,4926.16,5830.729365502926,904.5693655029263
22,13,2012-10-26,40691.78,38793.477073898466,-1898.3029261015326
2,85,2012-10-26,3298.84,2649.5340880115996,-649.3059119884006
22,14,2012-10-26,16601.85,15895.392292519833,-706.4577074801655
2,29,2012-10-26,5563.13,6277.610180833969,714.4801808339689
14,90,2012-10-26,96371.83,89698.4768471479,-6673.353152852098
40,83,2012-10-26,2421.15,2439.1278969954224,17.97789699542227
40,81,2012-10-26,18686.25,20367.29723926238,1681.0472392623815
20,19,2012-10-26,-3.97,-33.245874778983904,-29.275874778983905
22,16,2012-10-26,4210.0,5189.043969583186,979.0439695831856
22,17,2012-10-26,15295.02,17019.098452814316,1724.0784528143158
45,79,2012-10-26,14618.6,14590.338086624546,-28.26191337545424
14,87,2012-10-26,16549.37,20754.977282379958,4205.607282379959
2,87,2012-10-26,21623.54,29268.396649874456,7644.856649874455
40,79,2012-10-26,12232.71,13954.449709553257,1721.7397095532579
22,18,2012-10-26,27441.04,13280.16469053164,-14160.875309468362
14,85,2012-10-26,1642.71,1973.5742890003955,330.8642890003955
20,18,2012-10-26,22957.53,16687.74398936644,-6269.786010633557
2,90,2012-10-26,100544.64,108011.23770825774,7466.597708257745
22,19,2012-10-26,2031.74,1202.2311874359002,-829.5088125640998
40,80,2012-10-26,15630.14,16761.488540487473,1131.3485404874737
21,92,2012-10-26,24871.26,28018.70973747113,3147.449737471132
7,85,2012-10-26,1597.03,1793.6749340778827,196.64493407788268
13,58,2012-10-26,12805.0,10734.941999311139,-2070.0580006888613
10,37,2012-10-26,3850.57,4703.120954245141,852.5509542451405
32,91,2012-10-26,46239.79,48561.7158707756,2321.9258707756017
1,41,2012-10-26,1784.96,1212.2460620212116,-572.7139379787884
10,36,2012-10-26,1311.16,796.8839078225832,-514.2760921774169
32,90,2012-10-26,65223.73,68736.05030269767,3512.3203026976626
10,35,2012-10-26,6156.67,7200.427975720779,1043.7579757207786
10,34,2012-10-26,38454.92,37950.3274416768,-504.5925583231947
32,87,2012-10-26,8705.97,9841.93218639399,1135.9621863939901
10,33,2012-10-26,13632.53,13330.817360438436,-301.7126395615651
32,85,2012-10-26,1868.42,1784.6976448461476,-83.7223551538525
45,19,2012-10-26,1350.87,1171.6431809894586,-179.22681901054125
10,32,2012-10-26,18693.86,16670.641211611364,-2023.2187883886363
10,31,2012-10-26,3956.53,4518.0254210502435,561.4954210502433
32,83,2012-10-26,3497.29,3543.224668104914,45.93466810491418
10,30,2012-10-26,9111.61,9214.849245632739,103.23924563273795
32,82,2012-10-26,17825.67,17144.643165670506,-681.026834329492
10,29,2012-10-26,14338.8,13827.417756980263,-511.38224301973605
10,28,2012-10-26,1658.31,1086.6366304850958,-571.6733695149042
32,81,2012-10-26,15691.63,16248.74572716622,557.1157271662214
10,27,2012-10-26,4319.35,4425.750340307304,106.40034030730385
32,80,2012-10-26,18107.09,19693.326140020206,1586.2361400202062
10,26,2012-10-26,19104.2,18196.889717919355,-907.3102820806453
1,80,2012-10-26,17918.31,20434.896763856017,2516.5867638560158
10,25,2012-10-26,19972.18,19613.52153910216,-358.658460897841
32,79,2012-10-26,13961.73,14545.823758504148,584.0937585041484
10,24,2012-10-26,14343.91,15170.249766259063,826.3397662590633
32,74,2012-10-26,14064.37,15280.521127507258,1216.1511275072571
10,38,2012-10-26,76447.65,99255.12216786499,22807.472167864995
32,92,2012-10-26,110741.63,104912.28052527628,-5829.349474723727
10,40,2012-10-26,95015.0,104662.5006722543,9647.500672254304
32,93,2012-10-26,31877.0,32878.85456933439,1001.8545693343913
10,58,2012-10-26,3180.0,5753.5034994747075,2573.5034994747075
27,92,2012-10-26,156059.63,171936.72971587305,15877.099715873046
10,56,2012-10-26,775.17,1251.1232782861446,475.9532782861446
1,40,2012-10-26,59287.86,60909.525494419584,1621.6654944195834
32,99,2012-10-26,12.0,398.35656947620726,386.35656947620726
27,93,2012-10-26,51656.24,52382.99330635015,726.7533063501542
10,55,2012-10-26,16042.55,14946.829362169936,-1095.7206378300634
32,98,2012-10-26,9012.5,8951.683730527522,-60.81626947247787
27,94,2012-10-26,63096.92,60059.1092086059,-3037.8107913940985
10,54,2012-10-26,43.8,91.65743403537286,47.85743403537286
27,95,2012-10-26,113812.81,106456.93916674537,-7355.870833254623
10,52,2012-10-26,4693.25,4704.668610224169,11.418610224169242
32,97,2012-10-26,16184.29,16860.213432569824,675.9234325698235
10,23,2012-10-26,59735.58,56597.177491474176,-3138.4025085258254
27,96,2012-10-26,17548.61,16942.280461020448,-606.329538979553
10,49,2012-10-26,20601.66,21786.308454182345,1184.6484541823447
32,96,2012-10-26,2424.13,2360.013232669645,-64.11676733035529
45,20,2012-10-26,3723.93,3733.3560835423905,9.426083542390643
27,97,2012-10-26,18608.71,20022.955368375166,1414.2453683751664
10,48,2012-10-26,2865.0,5738.399337224298,2873.3993372242976
32,95,2012-10-26,82670.31,83154.50406853647,484.19406853646797
27,98,2012-10-26,13222.7,11762.766340857886,-1459.9336591421143
10,46,2012-10-26,48375.09,48117.85194085134,-257.23805914865807
1,81,2012-10-26,29107.55,30650.64826777798,1543.0982677779793
10,44,2012-10-26,10779.14,10147.591240975185,-631.548759024814
32,94,2012-10-26,52074.67,49672.23419673803,-2402.435803261971
10,42,2012-10-26,12047.34,13322.007261284994,1274.6672612849943
10,41,2012-10-26,17583.84,17615.03528747911,31.19528747910954
10,50,2012-10-26,4589.98,4631.75559435571,41.77559435571038
10,59,2012-10-26,296.62,444.97457632035423,148.35457632035423
10,22,2012-10-26,21182.97,23062.547440580904,1879.5774405809025
10,21,2012-10-26,8204.13,9104.864811731144,900.7348117311449
10,2,2012-10-26,101458.77,107981.95473131243,6523.184731312431
32,44,2012-10-26,6225.76,5096.150128881297,-1129.6098711187033
10,1,2012-10-26,58409.83,39945.31021361314,-18464.51978638686
32,42,2012-10-26,6480.29,7476.702015454507,996.4120154545071
1,79,2012-10-26,29294.29,34638.86749580843,5344.577495808429
32,41,2012-10-26,3867.61,5094.401702271094,1226.791702271094
1,45,2012-10-26,20.94,39.400680505180794,18.460680505180793
32,40,2012-10-26,61745.56,59611.858270534925,-2133.7017294650723
32,38,2012-10-26,66073.32,74131.20975934874,8057.8897593487345
32,37,2012-10-26,3464.39,3039.9423960765416,-424.44760392345825
32,36,2012-10-26,1959.04,1947.0468745898715,-11.993125410128414
32,35,2012-10-26,1813.76,1759.0608792926212,-54.699120707378825
32,34,2012-10-26,11576.35,12435.293147709506,858.9431477095059
45,16,2012-10-26,2660.02,3913.827589517688,1253.807589517688
32,33,2012-10-26,4066.76,4695.575385618984,628.8153856189838
32,32,2012-10-26,4325.79,4852.5431974157045,526.7531974157046
32,31,2012-10-26,3492.14,3214.591223192915,-277.5487768070848
32,30,2012-10-26,2400.56,1768.6622610852278,-631.8977389147722
32,29,2012-10-26,4165.3,3755.6738301686137,-409.6261698313865
32,28,2012-10-26,1152.92,1009.2838273405334,-143.63617265946664
1,74,2012-10-26,7986.96,9756.82784033636,1769.8678403363601
7,1,2012-10-26,10983.79,9195.322298203964,-1788.4677017960366
32,27,2012-10-26,1609.99,1920.2222081449577,310.23220814495767
7,2,2012-10-26,19764.51,21676.826461865792,1912.3164618657938
32,26,2012-10-26,6823.5,7607.91656946005,784.4165694600497
1,46,2012-10-26,17950.88,17188.774154796458,-762.1058452035431
7,3,2012-10-26,6861.92,7156.701851901879,294.78185190187924
10,3,2012-10-26,20447.3,21095.56920669417,648.2692066941709
32,46,2012-10-26,27296.18,25961.794238959665,-1334.3857610403356
10,4,2012-10-26,44849.91,45791.48543898044,941.5754389804351
32,49,2012-10-26,6194.51,5022.023507019444,-1172.4864929805562
32,72,2012-10-26,44371.44,46984.668324909704,2613.2283249097018
10,20,2012-10-26,14224.36,14612.037651163992,387.67765116399096
32,71,2012-10-26,6904.09,5065.875670207877,-1838.214329792123
10,19,2012-10-26,3271.02,3525.6064776433554,254.58647764335547
45,18,2012-10-26,10971.58,7869.793712360697,-3101.786287639303
10,18,2012-10-26,27426.84,18061.70572637129,-9365.134273628712
32,67,2012-10-26,8464.65,8094.339448602684,-370.310551397316
10,17,2012-10-26,24781.75,28112.119316618457,3330.3693166184567
32,60,2012-10-26,648.0,836.974608691615,188.974608691615
10,16,2012-10-26,11397.55,16548.42999429663,5150.8799942966325
10,14,2012-10-26,31883.89,36725.479437359914,4841.589437359915
32,59,2012-10-26,291.28,424.5822259375198,133.30222593751984
10,13,2012-10-26,61010.32,70528.56957620157,9518.249576201568
1,42,2012-10-26,6786.97,7685.342962819936,898.3729628199353
32,58,2012-10-26,1775.0,2392.3300837056445,617.3300837056445
10,11,2012-10-26,25448.11,28944.271601740198,3496.1616017401975
32,56,2012-10-26,1091.11,1902.506535637528,811.3965356375281
10,10,2012-10-26,43637.06,48845.25592116317,5208.195921163169
32,55,2012-10-26,7947.36,6509.84023806187,-1437.5197619381297
10,9,2012-10-26,57271.82,61535.997194360876,4264.1771943608765
32,54,2012-10-26,83.76,32.2933216768467,-51.4666783231533
10,8,2012-10-26,85331.99,99088.1302669704,13756.140266970397
10,7,2012-10-26,54045.23,53463.23523210452,-581.994767895485
1,44,2012-10-26,6593.58,6257.989382622808,-335.59061737719185
32,52,2012-10-26,2893.68,2441.6365854938936,-452.0434145061063
10,6,2012-10-26,8891.25,6998.3923432209485,-1892.8576567790515
45,17,2012-10-26,10308.6,10667.271647715297,358.6716477152968
10,5,2012-10-26,51926.77,53239.89169346055,1313.1216934605545
10,12,2012-10-26,9043.49,9347.836180633225,304.34618063322523
27,91,2012-10-26,61129.74,61903.24916819014,773.5091681901395
10,60,2012-10-26,558.0,610.5379360615041,52.53793606150407
27,90,2012-10-26,97305.99,90747.50999629927,-6558.480003700737
34,23,2012-10-26,14123.03,12631.577889405742,-1491.4521105942586
27,34,2012-10-26,17854.65,16018.774916675715,-1835.8750833242866
11,11,2012-10-26,12559.54,14066.200470054053,1506.660470054052
27,35,2012-10-26,3822.65,3811.034144382354,-11.615855617646048
34,22,2012-10-26,5282.29,6538.577816763972,1256.287816763972
27,36,2012-10-26,3490.54,2636.052624595551,-854.4873754044488
11,10,2012-10-26,21151.25,24391.431278630756,3240.1812786307564
27,37,2012-10-26,2234.67,2780.084175429057,545.4141754290567
11,9,2012-10-26,13029.18,16711.360449003492,3682.180449003492
34,21,2012-10-26,3912.19,3950.318637666867,38.12863766686678
27,38,2012-10-26,32357.95,38383.89031414442,6025.940314144416
11,8,2012-10-26,32511.65,35631.5176545571,3119.8676545570997
34,20,2012-10-26,2124.6,2822.2694260440253,697.6694260440254
1,85,2012-10-26,3818.23,2741.0330565006097,-1077.1969434993903
27,40,2012-10-26,69795.8,73541.6066038366,3745.806603836594
11,7,2012-10-26,29330.56,32643.948420477343,3313.388420477342
27,41,2012-10-26,2345.37,2216.4418248086267,-128.92817519137316
11,6,2012-10-26,3818.54,3637.4395406838653,-181.10045931613467
34,18,2012-10-26,13001.02,8055.303741770126,-4945.716258229874
27,42,2012-10-26,10184.01,9812.234211962972,-371.7757880370282
1,37,2012-10-26,2566.42,2501.646228433178,-64.77377156682223
27,44,2012-10-26,5126.27,5160.32310625819,34.05310625818947
11,5,2012-10-26,38746.01,39394.38147436614,648.3714743661403
34,17,2012-10-26,7035.13,6643.317477829977,-391.81252217002293
27,46,2012-10-26,37986.41,36661.32801936512,-1325.081980634881
11,4,2012-10-26,25043.74,30983.393288251085,5939.653288251084
45,23,2012-10-26,19992.29,21822.232514812393,1829.942514812392
45,24,2012-10-26,5865.79,7488.616814799978,1622.826814799978
11,12,2012-10-26,3910.25,4654.616059931914,744.3660599319137
27,33,2012-10-26,10910.01,11811.776461766276,901.7664617662758
34,24,2012-10-26,3515.74,2595.2672800214277,-920.4727199785721
11,22,2012-10-26,13919.79,14091.975148288775,172.18514828877414
34,30,2012-10-26,1713.1,1432.9954837589632,-280.10451624103666
45,25,2012-10-26,8308.81,8030.2869562355045,-278.523043764495
27,23,2012-10-26,36183.8,39508.59419902808,3324.794199028074
27,24,2012-10-26,11944.2,11770.693458070371,-173.50654192962975
11,21,2012-10-26,5454.16,7136.402083405863,1682.242083405863
34,29,2012-10-26,2106.57,1976.8869170833502,-129.68308291664994
27,25,2012-10-26,13348.51,13533.067969988613,184.55796998861297
11,20,2012-10-26,6879.16,8364.255346821954,1485.095346821954
34,28,2012-10-26,297.91,393.78387942969516,95.87387942969514
27,26,2012-10-26,13540.63,16019.627008665806,2478.997008665807
11,19,2012-10-26,2317.57,1726.5805513864543,-590.9894486135458
1,87,2012-10-26,51212.09,53031.151740592446,1819.0617405924495
27,49,2012-10-26,10740.42,12973.476055717236,2233.0560557172357
27,27,2012-10-26,2580.02,2676.396247005108,96.37624700510787
34,27,2012-10-26,1090.09,779.2112644892832,-310.87873551071675
27,28,2012-10-26,1475.8,1180.710793572477,-295.08920642752287
11,17,2012-10-26,11043.67,12856.955555885814,1813.2855558858137
27,29,2012-10-26,8245.66,7818.076638605547,-427.5833613944533
34,26,2012-10-26,4737.55,4983.166872582692,245.61687258269194
1,36,2012-10-26,1156.34,1083.2198273839062,-73.12017261609367
27,30,2012-10-26,3815.98,4103.557184514148,287.5771845141476
11,16,2012-10-26,5460.01,6065.065085371504,605.055085371504
34,25,2012-10-26,6035.94,4899.295868695684,-1136.644131304316
27,31,2012-10-26,2702.52,3057.254677892611,354.7346778926112
11,14,2012-10-26,19750.98,22977.582065888673,3226.6020658886737
27,32,2012-10-26,6806.78,5920.510269216615,-886.2697307833851
11,13,2012-10-26,36577.53,43058.16411063483,6480.634110634834
11,18,2012-10-26,26919.59,17180.433579233984,-9739.156420766016
11,3,2012-10-26,9984.61,12758.299405478805,2773.6894054788045
34,16,2012-10-26,4841.81,6441.030833734266,1599.2208337342654
27,50,2012-10-26,2540.5,3176.573038042868,636.0730380428681
10,85,2012-10-26,2532.87,3305.735532660058,772.8655326600583
34,7,2012-10-26,15372.42,14764.203141584743,-608.2168584152569
27,74,2012-10-26,23144.44,23206.381980000035,61.94198000003598
10,83,2012-10-26,185.24,413.29966134539563,228.05966134539563
34,6,2012-10-26,2484.78,2862.777452305928,377.9974523059277
27,79,2012-10-26,34962.06,36326.032831253964,1363.9728312539664
10,82,2012-10-26,22861.31,22661.587452696993,-199.72254730300847
34,5,2012-10-26,18541.14,17125.85469284799,-1415.2853071520112
27,80,2012-10-26,24943.85,24479.711201296657,-464.1387987033413
10,81,2012-10-26,10095.2,11448.565163924522,1353.3651639245218
27,81,2012-10-26,28777.23,27469.191286933146,-1308.0387130668532
10,80,2012-10-26,299.09,390.6610217571861,91.57102175718614
34,4,2012-10-26,20716.55,21447.15363443208,730.6036344320819
10,87,2012-10-26,26972.25,29784.03925843464,2811.789258434641
41,67,2012-10-26,9967.96,9363.416473353274,-604.5435266467248
10,79,2012-10-26,31374.16,35646.59900163034,4272.4390016303405
10,74,2012-10-26,33862.98,35605.70374482368,1742.7237448236774
34,3,2012-10-26,5715.89,6250.182456023237,534.2924560232368
27,83,2012-10-26,6994.34,7652.360011751852,658.0200117518516
10,72,2012-10-26,121126.83,119036.9590529534,-2089.8709470465983
1,82,2012-10-26,19702.26,21298.690671301287,1596.4306713012884
45,21,2012-10-26,3260.65,3182.132254724982,-78.51774527501811
27,85,2012-10-26,2974.29,3185.382949431268,211.09294943126815
10,71,2012-10-26,12097.06,12704.462519477487,607.4025194774877
34,2,2012-10-26,31785.25,34624.65074636426,2839.400746364263
27,87,2012-10-26,16192.9,16817.79272194111,624.8927219411107
10,67,2012-10-26,11786.49,13296.606902285492,1510.116902285492
34,1,2012-10-26,25051.36,22030.537461865548,-3020.8225381344528
27,82,2012-10-26,32167.24,24197.037514555515,-7970.202485444486
32,25,2012-10-26,9554.08,7865.705901827958,-1688.374098172042
27,72,2012-10-26,46623.71,57883.16497489348,11259.45497489348
10,90,2012-10-26,14511.07,15394.874490278184,883.804490278184
11,2,2012-10-26,49926.25,53983.68062981207,4057.430629812072
34,14,2012-10-26,8930.71,9447.619814391566,516.9098143915671
27,52,2012-10-26,2694.89,2617.8081804360513,-77.08181956394856
11,1,2012-10-26,23746.39,22467.20439828376,-1279.185601716239
27,54,2012-10-26,66.84,33.543403772874484,-33.29659622712552
10,98,2012-10-26,560.02,692.3757053431772,132.3557053431772
34,13,2012-10-26,22592.17,23716.41313621172,1124.2431362117204
27,55,2012-10-26,14935.98,9860.249143221541,-5075.7308567784585
10,97,2012-10-26,4785.28,5014.970427123862,229.6904271238618
34,12,2012-10-26,5127.58,5102.376485684575,-25.20351431542531
27,56,2012-10-26,597.13,2589.2161824745453,1992.0861824745452
10,96,2012-10-26,13966.23,15602.799105267088,1636.5691052670882
27,58,2012-10-26,585.0,2379.1380916995554,1794.1380916995554
34,8,2012-10-26,27484.98,28294.26834408728,809.2883440872793
10,95,2012-10-26,64643.03,90282.42579597197,25639.39579597197
27,59,2012-10-26,392.79,696.6335762692538,303.8435762692538
10,94,2012-10-26,795.76,511.58126168268666,-284.17873831731333
1,83,2012-10-26,4912.05,6770.971380168826,1858.9213801688256
10,93,2012-10-26,1079.06,1136.408963403668,57.348963403667994
34,10,2012-10-26,16652.1,17008.0688526882,355.9688526882019
27,60,2012-10-26,117.0,214.63690713577728,97.63690713577728
1,38,2012-10-26,66526.76,97339.15745265876,30812.39745265877
10,92,2012-10-26,53198.97,54370.59894868458,1171.628948684578
34,9,2012-10-26,28344.58,19169.7988627213,-9174.7811372787
27,67,2012-10-26,10633.7,10043.095155285097,-590.6048447149042
45,22,2012-10-26,7971.36,8119.264269942633,147.90426994263362
10,91,2012-10-26,10937.52,13499.314805657476,2561.794805657475
27,71,2012-10-26,9505.18,9770.684840208849,265.5048402088487
34,11,2012-10-26,14501.59,12645.698159935606,-1855.8918400643943
7,4,2012-10-26,12634.41,13750.590494466443,1116.1804944664436
32,24,2012-10-26,4739.54,6704.030319904614,1964.490319904614
7,5,2012-10-26,12047.8,10106.453833831367,-1941.3461661686324
31,11,2012-10-26,10107.07,10263.689992867645,156.61999286764512
45,8,2012-10-26,37857.64,37801.53016087897,-56.109839121032564
8,18,2012-10-26,17584.45,9052.354407249426,-8532.095592750575
31,72,2012-10-26,43471.72,48696.70303971736,5224.983039717357
31,12,2012-10-26,3024.97,2544.8652274068913,-480.10477259310846
8,17,2012-10-26,6408.52,6175.656179140868,-232.86382085913283
7,56,2012-10-26,483.51,644.6467095277635,161.13670952776351
31,13,2012-10-26,43482.72,45004.85332277085,1522.1333227708456
8,16,2012-10-26,4740.49,5384.108714157035,643.6187141570354
31,71,2012-10-26,3248.08,4779.525631313443,1531.4456313134433
31,14,2012-10-26,14431.39,16804.371011652096,2372.9810116520966
8,14,2012-10-26,9257.35,10643.742713600926,1386.392713600926
7,58,2012-10-26,1395.0,2452.649904099817,1057.649904099817
31,67,2012-10-26,5452.91,5683.632702740328,230.7227027403278
31,16,2012-10-26,3019.24,3987.3679429547146,968.1279429547149
8,13,2012-10-26,25077.1,27519.660551892324,2442.5605518923257
31,17,2012-10-26,7661.51,8053.229521608411,391.719521608411
8,12,2012-10-26,7934.59,7862.6072444239835,-71.98275557601664
7,59,2012-10-26,10.82,28.967386870096057,18.147386870096057
45,4,2012-10-26,24627.94,23373.493062043955,-1254.4469379560433
31,18,2012-10-26,11766.47,6148.175854017804,-5618.294145982195
8,11,2012-10-26,18872.4,15760.766729340019,-3111.6332706599824
31,60,2012-10-26,369.0,468.53587557776586,99.53587557776586
31,19,2012-10-26,19.73,44.65664846285216,24.92664846285216
8,10,2012-10-26,20167.4,22275.578906521572,2108.1789065215708
7,60,2012-10-26,108.0,62.08289127994448,-45.91710872005552
31,20,2012-10-26,5663.45,5820.670336557769,157.22033655776886
7,55,2012-10-26,4697.73,4030.2463632538975,-667.4836367461021
1,55,2012-10-26,10200.84,10696.81875671638,495.9787567163803
8,19,2012-10-26,574.23,783.8975858462072,209.6675858462072
31,10,2012-10-26,16275.47,17494.47035467606,1219.0003546760618
31,82,2012-10-26,22068.99,18262.07470820559,-3806.915291794412
8,28,2012-10-26,433.71,426.4744975389024,-7.235502461097553
31,1,2012-10-26,22652.14,18400.48930479893,-4251.650695201068
45,9,2012-10-26,16049.13,12913.277071347897,-3135.8529286521025
8,27,2012-10-26,1427.0,1064.88461435214,-362.11538564785997
7,46,2012-10-26,11020.83,11482.50628766199,461.6762876619905
31,2,2012-10-26,58208.08,58635.13987676202,427.05987676201767
8,26,2012-10-26,6238.3,7049.372485610584,811.0724856105835
31,81,2012-10-26,22832.36,28018.016846345352,5185.656846345351
31,3,2012-10-26,7066.53,7613.524380529313,546.9943805293133
8,25,2012-10-26,6152.58,6344.197007135489,191.61700713548908
7,48,2012-10-26,2207.0,2021.5378634234664,-185.46213657653357
31,4,2012-10-26,33445.26,35546.395048633975,2101.1350486339725
8,9,2012-10-26,9919.56,11536.034389116267,1616.474389116267
8,24,2012-10-26,3567.71,4198.821216173732,631.1112161737319
31,5,2012-10-26,16614.57,18229.918024771374,1615.3480247713742
8,23,2012-10-26,16141.86,15254.87242099874,-886.9875790012611
7,49,2012-10-26,50.85,39.64249811121965,-11.20750188878035
31,6,2012-10-26,1755.65,1550.8614063899506,-204.78859361004947
8,22,2012-10-26,6734.84,7679.205018835626,944.365018835626
31,79,2012-10-26,30681.1,37174.64105057214,6493.541050572145
31,7,2012-10-26,18942.1,18794.520636435227,-147.57936356477148
31,8,2012-10-26,25442.7,28340.602434520224,2897.9024345202233
8,21,2012-10-26,3725.13,4053.272713377786,328.1427133777861
7,52,2012-10-26,1200.49,907.0969308547274,-293.39306914527265
31,9,2012-10-26,8574.93,8863.812393786422,288.88239378642174
8,20,2012-10-26,2884.7,3104.4265203935606,219.7265203935608
31,74,2012-10-26,12713.52,13290.557277511662,577.0372775116612
31,80,2012-10-26,17860.81,20581.15784920312,2720.347849203117
31,59,2012-10-26,137.84,504.24565595365704,366.40565595365706
1,59,2012-10-26,208.89,338.0116441009927,129.12164410099274
31,21,2012-10-26,3672.37,4313.622705119659,641.2527051196594
45,6,2012-10-26,1086.31,1559.2316994536823,472.9216994536823
31,32,2012-10-26,3673.4,5373.0709411493945,1699.6709411493944
7,96,2012-10-26,787.08,691.2740151117512,-95.80598488824887
7,80,2012-10-26,361.38,519.7516401242907,158.3716401242907
31,49,2012-10-26,9075.7,8375.738475604137,-699.9615243958633
31,33,2012-10-26,4996.8,4853.955463192021,-142.84453680797924
7,95,2012-10-26,29875.27,32653.199523743082,2777.9295237430815
31,34,2012-10-26,12975.36,13490.30158054831,514.9415805483095
7,94,2012-10-26,1163.11,2118.6083881627856,955.4983881627857
7,81,2012-10-26,5625.47,6264.613528576995,639.1435285769949
31,46,2012-10-26,23221.21,23940.614698018046,719.4046980180465
31,35,2012-10-26,1639.6,1550.7461224892104,-88.85387751078952
7,93,2012-10-26,1583.42,1665.7204121303794,82.3004121303793
7,97,2012-10-26,3744.1,4151.670479067379,407.57047906737944
31,36,2012-10-26,742.04,1010.829055652378,268.789055652378
7,82,2012-10-26,8314.17,8302.524750854198,-11.645249145802154
31,44,2012-10-26,2511.43,2651.590004113294,140.16000411329424
31,37,2012-10-26,2208.17,2034.554879871922,-173.61512012807816
7,91,2012-10-26,9435.59,9736.221973442824,300.63197344282344
31,38,2012-10-26,83599.59,94526.92931729204,10927.339317292048
7,90,2012-10-26,13211.75,14191.620498567314,979.8704985673139
45,5,2012-10-26,13256.59,15183.659337269673,1927.0693372696733
7,83,2012-10-26,501.44,651.7259102358798,150.28591023587984
1,58,2012-10-26,5295.0,6046.525489565012,751.5254895650123
31,40,2012-10-26,58784.04,60659.512499961,1875.472499960997
7,87,2012-10-26,13468.52,12934.854395937386,-533.6656040626149
31,42,2012-10-26,5903.68,5815.101659666603,-88.57834033339714
31,41,2012-10-26,2194.39,1784.5512378480867,-409.8387621519132
7,92,2012-10-26,25090.81,26611.842432774254,1521.0324327742528
8,29,2012-10-26,2778.68,2681.8985708918563,-96.78142910814358
31,31,2012-10-26,2522.04,2442.7801768267877,-79.25982317321223
7,79,2012-10-26,5268.23,4757.520643603735,-510.7093563962644
8,8,2012-10-26,28203.99,28440.465967911867,236.47596791186515
45,7,2012-10-26,20356.73,16401.326204044435,-3955.4037959555644
31,22,2012-10-26,6784.87,9286.88950142833,2502.01950142833
7,67,2012-10-26,3634.69,3154.5205338417936,-480.16946615820643
31,23,2012-10-26,21771.37,20143.52611817904,-1627.843881820958
8,7,2012-10-26,18736.83,17145.362406296877,-1591.4675937031243
31,58,2012-10-26,4390.0,2266.6941201135824,-2123.3058798864176
31,24,2012-10-26,5016.15,4912.041363222868,-104.10863677713132
8,6,2012-10-26,2182.33,2636.572604685915,454.242604685915
7,71,2012-10-26,1845.15,1950.5040247498546,105.35402474985449
31,25,2012-10-26,9677.62,9544.029934188959,-133.59006581104222
8,5,2012-10-26,22937.37,19712.65549168887,-3224.714508311128
31,56,2012-10-26,903.39,1514.5370890480924,611.1470890480924
31,52,2012-10-26,750.54,842.026020702176,91.486020702176
31,26,2012-10-26,8074.3,9795.742379045174,1721.4423790451738
7,72,2012-10-26,34076.17,39528.94454595176,5452.774545951761
31,27,2012-10-26,1411.46,1166.0401914883985,-245.41980851160156
8,3,2012-10-26,7342.71,7255.891356594037,-86.81864340596348
31,55,2012-10-26,5562.76,6146.22217730789,583.4621773078898
31,28,2012-10-26,803.29,778.7826949079661,-24.507305092033903
1,56,2012-10-26,882.69,1669.968330435797,787.278330435797
8,2,2012-10-26,33040.14,35914.93295090968,2874.7929509096793
7,74,2012-10-26,8521.39,9995.632455004743,1474.2424550047435
31,29,2012-10-26,4674.11,4538.773942385583,-135.33605761441686
8,1,2012-10-26,21737.93,16840.66192782792,-4897.268072172079
31,54,2012-10-26,69.84,83.51932540094185,13.679325400941849
31,30,2012-10-26,2621.7,2743.1204301593243,121.4204301593245
7,98,2012-10-26,68.57,353.09508807157584,284.52508807157585
8,4,2012-10-26,21285.75,22292.802264638063,1007.0522646380632
27,22,2012-10-26,17449.06,16994.39684040923,-454.6631595907711
1,54,2012-10-26,4.88,70.30770964203175,65.42770964203176
8,31,2012-10-26,1732.55,1490.8415975304167,-241.70840246958323
7,20,2012-10-26,3152.31,3100.358137908251,-51.95186209174881
8,97,2012-10-26,16400.61,19380.463875269736,2979.853875269735
32,9,2012-10-26,20180.94,22528.070479593982,2347.130479593983
8,95,2012-10-26,58817.79,65265.82428777106,6448.034287771057
45,1,2012-10-26,27117.16,16937.078489355485,-10180.081510644515
8,94,2012-10-26,23836.43,27784.649873666007,3948.2198736660066
7,21,2012-10-26,1282.71,1794.2220806106836,511.5120806106836
32,8,2012-10-26,24995.5,25194.920779183332,199.42077918333234
8,93,2012-10-26,27094.94,31073.491883147053,3978.5518831470545
7,22,2012-10-26,7370.58,7505.392632879042,134.8126328790422
8,92,2012-10-26,62127.74,72757.71515528862,10629.975155288623
32,7,2012-10-26,19144.84,18424.29202959639,-720.5479704036115
8,91,2012-10-26,29222.81,35118.492817851395,5895.682817851393
7,23,2012-10-26,15428.12,14672.269865931363,-755.850134068638
32,6,2012-10-26,2803.06,3801.043462488655,997.9834624886553
8,90,2012-10-26,39666.9,43210.79431554177,3543.8943155417655
45,12,2012-10-26,3791.88,3544.1086583220604,-247.77134167793974
7,24,2012-10-26,2920.9,2285.7816017338173,-635.1183982661828
8,87,2012-10-26,21104.04,25274.87497280242,4170.834972802419
1,67,2012-10-26,7319.25,6537.995600419523,-781.2543995804772
32,5,2012-10-26,20783.62,22198.662165850714,1415.0421658507148
8,85,2012-10-26,1703.84,1729.4453697009183,25.605369700918345
7,25,2012-10-26,4845.01,4692.243987423439,-152.76601257656148
8,83,2012-10-26,2229.78,2836.0273678896474,606.2473678896472
32,4,2012-10-26,28346.49,28866.930371625585,520.4403716255838
8,82,2012-10-26,13955.52,14080.11962417612,124.59962417612041
7,26,2012-10-26,2037.33,2421.2825109143755,383.9525109143756
8,98,2012-10-26,7946.67,8100.467392931936,153.79739293193597
32,10,2012-10-26,35044.14,27274.857986662824,-7769.282013337175
8,99,2012-10-26,0.01,324.6749737935613,324.66497379356133
7,18,2012-10-26,8236.59,4696.770384360425,-3539.819615639575
32,23,2012-10-26,23670.93,21344.123216631993,-2326.806783368007
45,14,2012-10-26,9865.26,10518.952861161444,653.692861161444
1,72,2012-10-26,35282.73,46236.1573551021,10953.427355102096
7,6,2012-10-26,2760.42,3431.8836195930676,671.4636195930675
32,22,2012-10-26,8776.94,10952.250945220216,2175.310945220215
7,7,2012-10-26,4964.7,5949.700401140974,985.0004011409737
32,21,2012-10-26,4610.3,4303.803957239209,-306.49604276079117
7,8,2012-10-26,14193.09,14443.754711821812,250.66471182181158
32,20,2012-10-26,3663.8,4848.5003956116725,1184.7003956116723
7,9,2012-10-26,21331.39,40749.11190360129,19417.72190360129
32,19,2012-10-26,2325.68,1761.2487949886786,-564.4312050113213
7,10,2012-10-26,23238.89,20019.10451240434,-3219.785487595658
32,18,2012-10-26,15979.84,10911.60600209593,-5068.23399790407
32,3,2012-10-26,11839.77,12030.384662316465,190.6146623164641
7,11,2012-10-26,13922.22,13833.455588927149,-88.76441107285063
1,71,2012-10-26,1370.83,1989.8490696428496,619.0190696428497
7,12,2012-10-26,4252.02,4223.425386236711,-28.59461376328909
32,16,2012-10-26,3895.62,4157.048921366081,261.42892136608134
7,13,2012-10-26,14654.4,14285.366545148545,-369.03345485145474
32,14,2012-10-26,15168.71,14742.053568101303,-426.6564318986966
1,48,2012-10-26,3341.0,1922.9461381217093,-1418.0538618782907
7,14,2012-10-26,9263.35,9461.623716318823,198.27371631882306
32,13,2012-10-26,30561.07,31459.848500901717,898.778500901717
45,13,2012-10-26,26240.14,27852.33316312962,1612.193163129621
7,16,2012-10-26,5488.92,5772.436244636413,283.5162446364129
32,12,2012-10-26,3195.0,3389.2906225822585,194.2906225822585
7,17,2012-10-26,6658.58,4628.771608630786,-2029.8083913692135
32,11,2012-10-26,16900.85,15216.842413493088,-1684.0075865069102
32,17,2012-10-26,11031.9,13936.4165343839,2904.5165343839
8,81,2012-10-26,11987.36,13537.716850453442,1550.3568504534414
8,80,2012-10-26,9688.6,11003.0681932399,1314.4681932398998
7,27,2012-10-26,690.93,746.3846030399955,55.454603039995504
1,52,2012-10-26,2530.51,1789.266327376254,-741.2436726237463
8,46,2012-10-26,16293.74,17185.27015617682,891.5301561768192
7,36,2012-10-26,1146.24,1694.8563961365649,548.6163961365648
31,92,2012-10-26,124776.52,146811.3087089987,22034.78870899869
8,44,2012-10-26,5620.63,4163.395780192346,-1457.234219807654
7,38,2012-10-26,26305.74,28475.90031729237,2170.160317292368
8,42,2012-10-26,5674.55,5089.4812082799945,-585.0687917200057
45,10,2012-10-26,13565.63,13607.8843882867,42.254388286701214
31,91,2012-10-26,62784.8,90392.04019133754,27607.240191337536
8,41,2012-10-26,1322.41,1823.583935778921,501.17393577892085
7,40,2012-10-26,24720.11,27223.07822242339,2502.968222423391
31,90,2012-10-26,84924.7,99952.1396318752,15027.439631875197
8,40,2012-10-26,38968.38,40147.8620963404,1179.4820963404054
31,93,2012-10-26,58160.69,81025.77767021875,22865.087670218752
8,38,2012-10-26,66858.65,63973.08709024891,-2885.5629097510828
31,87,2012-10-26,13224.92,9410.436083494882,-3814.483916505118
8,37,2012-10-26,2002.96,2312.124894357704,309.1648943577038
7,42,2012-10-26,5577.03,7676.118815233706,2099.0888152337066
31,85,2012-10-26,1142.64,1433.570102320484,290.9301023204839
8,36,2012-10-26,1092.87,1000.8871041180707,-91.98289588192915
45,3,2012-10-26,6726.03,7302.69851252371,576.66851252371
8,35,2012-10-26,1600.57,1284.650994204665,-315.9190057953349
1,60,2012-10-26,918.0,1051.9374663919302,133.93746639193023
8,34,2012-10-26,7032.21,7606.016417930461,573.8064179304611
8,33,2012-10-26,6325.97,5922.73147638428,-403.2385236157206
7,44,2012-10-26,3972.02,3420.202291862884,-551.8177081371159
8,32,2012-10-26,3790.65,4508.290540730764,717.6405407307643
31,83,2012-10-26,7718.8,9619.856124120792,1901.0561241207915
7,41,2012-10-26,1676.51,2030.014204570799,353.50420457079895
8,30,2012-10-26,1764.7,1659.25756254296,-105.44243745704011
8,49,2012-10-26,2016.04,2132.177570554132,116.13757055413225
8,52,2012-10-26,1311.94,1338.7891806607447,26.84918066074465
32,2,2012-10-26,53135.12,54208.56866382015,1073.4486638201488
1,49,2012-10-26,8775.52,11089.079611914705,2313.559611914705
8,79,2012-10-26,18832.68,22123.73735271488,3291.057352714881
7,28,2012-10-26,300.92,429.3875034676949,128.46750346769488
8,74,2012-10-26,9268.34,7865.698274080646,-1402.641725919354
32,1,2012-10-26,40245.23,29494.42741067695,-10750.802589323052
8,72,2012-10-26,33898.36,40274.290904621725,6375.930904621724
7,29,2012-10-26,1658.35,1323.0555473082425,-335.29445269175744
8,71,2012-10-26,804.21,1747.7573841972846,943.5473841972846
7,30,2012-10-26,874.25,837.0427019204418,-37.2072980795582
31,98,2012-10-26,10729.1,11273.497533877386,544.3975338773853
8,67,2012-10-26,5294.25,5527.393592070051,233.14359207005145
45,11,2012-10-26,10362.64,13596.330545957951,3233.690545957952
7,35,2012-10-26,26.97,40.794223745173944,13.824223745173946
45,2,2012-10-26,36074.86,35681.55775927026,-393.3022407297394
7,31,2012-10-26,1780.2,1601.7414738789707,-178.4585261210293
31,97,2012-10-26,27702.32,32513.33717664309,4811.01717664309
8,59,2012-10-26,202.6,291.84138696351215,89.24138696351216
7,32,2012-10-26,2763.11,3289.1363247791787,526.0263247791786
8,58,2012-10-26,1105.0,1191.5806247898993,86.58062478989928
31,96,2012-10-26,28213.66,29493.350187387958,1279.6901873879578
8,56,2012-10-26,924.96,2101.7635367169028,1176.8035367169027
7,33,2012-10-26,2941.9,2369.705241885596,-572.1947581144041
31,95,2012-10-26,97478.08,107618.34546775806,10140.265467758058
8,55,2012-10-26,5779.53,6108.693515858881,329.1635158588815
7,34,2012-10-26,3467.47,3623.0006209012936,155.5306209012938
8,54,2012-10-26,12.0,34.53398060096795,22.53398060096795
31,94,2012-10-26,66154.79,88025.35331821507,21870.563318215078
8,60,2012-10-26,270.0,399.958969081801,129.958969081801
34,31,2012-10-26,1023.69,908.1451230295874,-115.5448769704127
11,23,2012-10-26,31786.39,30315.837437325474,-1470.5525626745257
27,21,2012-10-26,5320.02,5243.209703346989,-76.81029665301139
12,97,2012-10-26,2260.16,2334.72116536019,74.56116536018999
12,96,2012-10-26,1.0,28.87101510447187,27.87101510447187
12,95,2012-10-26,36971.46,40752.88695488873,3781.4269548887314
1,26,2012-10-26,7412.16,8631.166320515767,1219.0063205157676
12,94,2012-10-26,353.7,470.86172747254915,117.16172747254916
35,98,2012-10-26,24.6,66.6448406662123,42.0448406662123
12,93,2012-10-26,511.44,664.2137520329358,152.77375203293576
35,97,2012-10-26,3620.74,3654.9604778593966,34.22047785939685
1,95,2012-10-26,117375.38,140109.14484622877,22733.76484622876
12,92,2012-10-26,24816.68,26942.17878495368,2125.498784953681
45,38,2012-10-26,47799.07,55443.70441883585,7644.634418835849
35,95,2012-10-26,41216.59,38578.500553785045,-2638.0894462149517
12,91,2012-10-26,5863.39,6321.55525102247,458.1652510224694
12,90,2012-10-26,11093.0,13238.830711682782,2145.830711682782
35,94,2012-10-26,11.64,143.0639308664672,131.42393086646717
12,87,2012-10-26,12899.28,13528.818842042081,629.5388420420804
35,93,2012-10-26,1045.94,1337.8986267337866,291.95862673378656
12,85,2012-10-26,1266.25,1588.244029390882,321.9940293908819
35,92,2012-10-26,38065.58,36601.800078627704,-1463.7799213722974
12,83,2012-10-26,298.58,505.00026238122535,206.42026238122537
35,91,2012-10-26,6662.84,7403.207016492953,740.3670164929526
12,82,2012-10-26,17537.23,14944.100720222872,-2593.1292797771275
12,81,2012-10-26,6519.66,6884.585937389594,364.92593738959386
35,90,2012-10-26,14287.37,14488.804436110311,201.43443611031034
35,87,2012-10-26,15740.67,14305.386071799116,-1435.2839282008845
12,80,2012-10-26,95.01,248.4441428047613,153.43414280476128
12,79,2012-10-26,40426.56,41645.7138194508,1219.153819450803
12,98,2012-10-26,575.06,581.4851535614583,6.425153561458387
41,93,2012-10-26,38924.05,38920.1909670305,-3.8590329694998218
13,1,2012-10-26,73165.41,47777.621073040194,-25387.78892695981
13,2,2012-10-26,71889.05,80395.83864669992,8506.788646699919
24,87,2012-10-26,25692.58,27733.39505536216,2040.81505536216
13,12,2012-10-26,7723.65,8133.522411810734,409.8724118107348
39,6,2012-10-26,3628.82,2382.291028609323,-1246.5289713906773
24,90,2012-10-26,78170.17,80130.71913616968,1960.5491361696768
13,11,2012-10-26,21899.45,22031.841233119598,132.39123311959702
24,91,2012-10-26,49890.67,53922.27021623847,4031.6002162384684
39,5,2012-10-26,24117.99,28138.782642275895,4020.7926422758937
24,92,2012-10-26,134136.75,140565.65196547343,6428.901965473429
13,10,2012-10-26,39956.03,32521.916670892722,-7434.1133291072765
24,93,2012-10-26,37830.97,41019.36377475769,3188.3937747576856
13,9,2012-10-26,24363.94,38181.9952615578,13818.055261557802
1,25,2012-10-26,11066.13,9668.446918494905,-1397.6830815050944
39,4,2012-10-26,47179.95,49664.03173227158,2484.081732271581
35,85,2012-10-26,1605.47,1401.1474589576067,-204.32254104239337
24,94,2012-10-26,47756.14,49237.47567151599,1481.3356715159898
39,3,2012-10-26,11457.46,13359.112727960572,1901.6527279605725
24,95,2012-10-26,90839.46,89931.9883266375,-907.47167336251
24,96,2012-10-26,11920.07,13032.015616048058,1111.9456160480586
13,7,2012-10-26,39941.45,43503.13657774959,3561.6865777495914
39,2,2012-10-26,71474.75,90027.89966788766,18553.149667887657
24,97,2012-10-26,18062.9,20856.54920784414,2793.649207844137
13,6,2012-10-26,4966.09,5481.08275446065,514.9927544606498
45,40,2012-10-26,38673.87,39143.11991098156,469.2499109815544
39,1,2012-10-26,47633.95,29931.641574091893,-17702.308425908104
24,98,2012-10-26,11107.47,11994.720614238628,887.2506142386283
13,5,2012-10-26,46964.71,53049.093612737044,6084.383612737045
13,4,2012-10-26,43265.8,44806.42866765781,1540.6286676578093
13,3,2012-10-26,18176.94,18237.182525210865,60.242525210866006
13,8,2012-10-26,37872.71,38389.24943157169,516.5394315716912
12,74,2012-10-26,14346.86,15385.010454793954,1038.150454793953
1,27,2012-10-26,1712.02,1593.3458705640514,-118.67412943594854
35,83,2012-10-26,1781.87,2336.704636722951,554.834636722951
12,38,2012-10-26,49993.05,66970.11357454867,16977.063574548665
35,55,2012-10-26,7245.52,7284.42199845773,38.90199845772986
12,36,2012-10-26,2764.07,1719.7590361324692,-1044.310963867531
35,54,2012-10-26,15.0,47.90835159111684,32.90835159111684
12,35,2012-10-26,2517.57,2184.677544664008,-332.89245533599205
35,52,2012-10-26,1853.77,1256.7657820351935,-597.0042179648065
12,34,2012-10-26,20746.05,21744.462278693478,998.4122786934786
35,49,2012-10-26,10.0,28.971705304391495,18.971705304391495
41,95,2012-10-26,90219.27,95978.9097565433,5759.6397565433
12,33,2012-10-26,11329.61,10049.684219627497,-1279.9257803725031
12,32,2012-10-26,7257.85,7208.29724598411,-49.55275401589006
35,46,2012-10-26,15956.49,15577.628109757934,-378.8618902420658
12,31,2012-10-26,2860.29,2828.4045604327257,-31.88543956727426
35,56,2012-10-26,140.22,385.5228414901519,245.3028414901519
35,44,2012-10-26,2271.14,1974.966638369656,-296.17336163034383
35,42,2012-10-26,8200.44,8186.92724816695,-13.51275183305006
12,29,2012-10-26,7703.18,6069.079134164719,-1634.1008658352812
35,41,2012-10-26,1370.25,1497.6861119874975,127.4361119874975
12,28,2012-10-26,1112.99,788.9582083202475,-324.0317916797525
45,34,2012-10-26,13951.44,17576.18072109111,3624.7407210911097
35,40,2012-10-26,38386.21,38278.7190993336,-107.49090066640201
12,27,2012-10-26,3518.42,2065.3910815152685,-1453.0289184847315
35,38,2012-10-26,40767.08,38267.324802346404,-2499.755197653598
12,26,2012-10-26,20077.46,16742.353399406245,-3335.1066005937537
35,36,2012-10-26,3494.23,2999.848154617314,-494.38184538268615
12,25,2012-10-26,19559.17,19233.56955937946,-325.6004406205393
35,35,2012-10-26,3109.18,2755.8294257585553,-353.3505742414445
12,24,2012-10-26,12282.99,11394.004735623883,-888.9852643761169
12,30,2012-10-26,6282.51,4509.9761184649615,-1772.5338815350387
39,7,2012-10-26,42034.35,37699.74437890959,-4334.605621090406
12,40,2012-10-26,47811.46,49717.90300487573,1906.4430048757276
35,58,2012-10-26,2235.0,2357.9118775101915,122.91187751019152
12,72,2012-10-26,45390.88,52142.002846823256,6751.122846823258
35,82,2012-10-26,14683.35,12362.611147735659,-2320.7388522643414
45,36,2012-10-26,1506.97,1177.93537492402,-329.0346250759801
12,71,2012-10-26,6185.66,7676.9150809236635,1491.2550809236636
41,94,2012-10-26,52291.69,53028.04820392247,736.3582039224711
12,67,2012-10-26,6309.57,5991.685653324112,-317.8843466758881
35,81,2012-10-26,6503.07,6819.821198098251,316.75119809825173
12,60,2012-10-26,387.0,436.56587254203407,49.56587254203407
35,80,2012-10-26,-16.51,25.41640461620056,41.92640461620056
12,59,2012-10-26,213.35,454.6202399680909,241.27023996809092
35,79,2012-10-26,24084.72,25825.12695967445,1740.4069596744484
12,58,2012-10-26,2540.0,2879.604880233828,339.6048802338282
35,74,2012-10-26,18804.61,19098.19670153213,293.586701532131
12,41,2012-10-26,1740.32,2002.0856283457651,261.7656283457652
12,56,2012-10-26,9.88,261.51209038604514,251.63209038604515
12,55,2012-10-26,8546.28,10876.385168586083,2330.105168586082
35,71,2012-10-26,9076.24,9260.058437234708,183.81843723470774
12,54,2012-10-26,76.76,42.70043547459426,-34.05956452540575
1,94,2012-10-26,60278.73,81640.68348971521,21361.95348971521
12,52,2012-10-26,4093.44,3065.2982192469267,-1028.1417807530734
35,67,2012-10-26,5866.27,5196.236674625732,-670.0333253742683
12,46,2012-10-26,32315.34,33254.14931792463,938.8093179246316
35,60,2012-10-26,90.0,101.59804925517955,11.598049255179546
12,44,2012-10-26,9928.16,8114.347832116053,-1813.812167883947
35,59,2012-10-26,29.14,30.81468687790369,1.6746868779036888
12,42,2012-10-26,6841.27,7082.233910506987,240.9639105069864
1,28,2012-10-26,742.48,765.7966119514567,23.316611951456707
45,35,2012-10-26,1712.08,2487.217354761902,775.1373547619019
35,72,2012-10-26,78390.69,97976.05275444064,19585.362754440634
35,34,2012-10-26,26943.79,25394.30676250126,-1549.4832374987418
13,13,2012-10-26,48124.32,51591.6564691941,3467.3364691941024
24,83,2012-10-26,3606.65,4071.8803609666106,465.23036096661053
45,46,2012-10-26,13329.25,13378.70023778745,49.45023778745053
13,42,2012-10-26,7707.68,8121.48225376038,413.80225376038015
24,27,2012-10-26,2345.21,2111.515183568646,-233.69481643135396
39,29,2012-10-26,5196.27,5181.0156541914475,-15.254345808552898
24,28,2012-10-26,995.92,865.4988533602032,-130.4211466397968
13,41,2012-10-26,2820.28,3428.2614062897906,607.9814062897904
39,28,2012-10-26,1372.38,815.3752396458699,-557.0047603541302
24,29,2012-10-26,4984.47,5843.60788851172,859.1378885117201
13,40,2012-10-26,77927.39,81628.60095990416,3701.210959904158
24,30,2012-10-26,3863.05,3061.225572314302,-801.8244276856981
13,38,2012-10-26,92092.84,90429.6469307223,-1663.193069277695
39,27,2012-10-26,1968.25,1528.7611714680065,-439.4888285319935
24,31,2012-10-26,2301.26,2032.3822081821584,-268.87779181784185
41,91,2012-10-26,55571.18,57569.268934565276,1998.0889345652758
24,32,2012-10-26,4831.1,5318.7164717137375,487.61647171373716
13,37,2012-10-26,3549.53,3589.8126201831046,40.28262018310443
39,26,2012-10-26,11520.18,13988.939299241329,2468.7592992413283
24,33,2012-10-26,5637.1,5357.945413515459,-279.15458648454114
13,36,2012-10-26,1852.7,1321.5123544222108,-531.1876455777892
24,34,2012-10-26,14724.14,16427.57133882175,1703.4313388217488
13,35,2012-10-26,2676.85,3059.503748340241,382.65374834024124
1,97,2012-10-26,32830.52,38193.74791450768,5363.227914507683
39,25,2012-10-26,8437.06,7756.366745021205,-680.6932549787944
24,35,2012-10-26,2205.6,3068.9592729793576,863.3592729793577
24,36,2012-10-26,942.39,1195.3650550419636,252.97505504196363
13,34,2012-10-26,20822.13,20858.08484479042,35.954844790419884
1,23,2012-10-26,21460.58,18162.602075853287,-3297.977924146715
24,26,2012-10-26,7654.17,10055.930527704537,2401.760527704537
39,30,2012-10-26,4272.62,3530.5477920362227,-742.0722079637771
13,44,2012-10-26,12780.02,11662.351527570037,-1117.668472429963
24,25,2012-10-26,11557.37,12534.93046186776,977.5604618677589
39,40,2012-10-26,67754.17,88710.01539699893,20955.845396998935
24,13,2012-10-26,29614.58,29469.003418187498,-145.57658181250372
13,56,2012-10-26,1572.62,2588.992428611702,1016.3724286117022
39,38,2012-10-26,42768.81,52164.212160134804,9395.402160134807
24,14,2012-10-26,14148.38,16744.812930632033,2596.432930632034
13,55,2012-10-26,17414.45,14074.30657994822,-3340.1434200517815
24,16,2012-10-26,5755.04,6223.425487687195,468.38548768719465
39,36,2012-10-26,380.16,579.2434976950183,199.08349769501825
24,17,2012-10-26,14335.27,17339.96754782752,3004.69754782752
13,54,2012-10-26,16.88,120.35076426544845,103.47076426544845
24,18,2012-10-26,18214.95,10801.37845213858,-7413.57154786142
13,52,2012-10-26,4738.93,4606.913419178181,-132.01658082181893
39,35,2012-10-26,1404.21,1569.3012433444278,165.09124334442777
39,24,2012-10-26,10458.03,7933.997571501496,-2524.0324284985045
24,19,2012-10-26,80.21,126.26014004696968,46.05014004696969
39,34,2012-10-26,16204.3,16614.50538876331,410.20538876331193
24,20,2012-10-26,3892.23,4744.843428881045,852.6134288810449
13,49,2012-10-26,7770.71,8122.552110596461,351.84211059646077
39,33,2012-10-26,8494.43,8147.357298485893,-347.0727015141074
24,21,2012-10-26,4830.34,5375.345718503497,545.0057185034966
24,22,2012-10-26,9159.0,12572.408611277897,3413.408611277897
13,48,2012-10-26,1241.0,1888.9019127981314,647.9019127981314
39,32,2012-10-26,5181.1,5216.156896035182,35.056896035182035
24,23,2012-10-26,24398.95,27492.590215022894,3093.6402150228932
13,46,2012-10-26,38219.89,38810.96054395488,591.0705439548838
1,22,2012-10-26,8236.88,8196.01746512636,-40.86253487363865
24,24,2012-10-26,4549.13,6081.063615036835,1531.9336150368345
39,31,2012-10-26,2460.98,2004.9465282340304,-456.0334717659696
13,50,2012-10-26,1486.0,1527.029489432905,41.02948943290494
24,37,2012-10-26,3176.78,3096.9762217143975,-79.80377828560268
13,33,2012-10-26,16530.94,12043.861288847145,-4487.078711152853
24,38,2012-10-26,57995.38,57889.039318580675,-106.34068141932221
13,23,2012-10-26,40228.51,30523.429616577916,-9705.080383422086
24,59,2012-10-26,217.63,451.31718439028606,233.68718439028606
13,22,2012-10-26,16007.48,17032.56660813464,1025.0866081346394
39,13,2012-10-26,59603.9,81398.1344489864,21794.234448986397
24,60,2012-10-26,90.0,85.6990368232736,-4.300963176726398
24,67,2012-10-26,9978.99,10279.51293405937,300.5229340593705
13,21,2012-10-26,7766.34,7973.320371146143,206.98037114614272
39,12,2012-10-26,5434.23,5220.3157219469385,-213.91427805306103
24,71,2012-10-26,3832.19,4262.603903564813,430.4139035648127
13,20,2012-10-26,6565.5,7868.790367917378,1303.2903679173778
41,92,2012-10-26,131128.24,137711.9432621878,6583.7032621878025
24,72,2012-10-26,47111.51,54151.89939010463,7040.389390104625
13,19,2012-10-26,4841.78,3581.933590470707,-1259.846409529293
24,58,2012-10-26,2735.0,3149.3047506242206,414.30475062422056
39,11,2012-10-26,20710.56,21598.614515565452,888.0545155654509
24,79,2012-10-26,20413.54,22286.835655961662,1873.2956559616614
13,18,2012-10-26,43039.87,21816.4408615847,-21223.429138415304
39,10,2012-10-26,15850.01,16848.336791893584,998.3267918935835
24,80,2012-10-26,28520.29,28790.15708670468,269.8670867046785
13,17,2012-10-26,17360.86,17371.334385708367,10.474385708366754
39,9,2012-10-26,17179.96,19326.48097155866,2146.5209715586607
24,81,2012-10-26,25379.61,26022.0244183608,642.4144183608005
13,16,2012-10-26,6036.21,6935.773590412789,899.5635904127894
1,96,2012-10-26,36851.92,35800.50564196355,-1051.414358036447
24,82,2012-10-26,24047.83,20872.790070072897,-3175.039929927105
13,14,2012-10-26,23960.58,25839.367250425377,1878.7872504253755
39,8,2012-10-26,40634.31,39693.06811352993,-941.2418864700667
45,41,2012-10-26,1954.67,2364.031180530571,409.3611805305709
24,74,2012-10-26,14334.32,17109.749300025724,2775.429300025724
24,85,2012-10-26,1566.93,1664.3895191414415,97.45951914144143
45,42,2012-10-26,4894.78,4664.456104286814,-230.32389571318618
1,24,2012-10-26,7106.74,6522.179212445066,-584.560787554934
13,32,2012-10-26,7868.19,9354.411957895374,1486.2219578953745
39,23,2012-10-26,20056.26,18398.259179633904,-1658.0008203660946
45,44,2012-10-26,3144.09,2986.3632242407143,-157.72677575928583
24,40,2012-10-26,45908.36,48121.660192235904,2213.3001922359035
39,22,2012-10-26,13374.34,13145.893608584318,-228.44639141568223
24,41,2012-10-26,1294.54,1218.798095188226,-75.74190481177402
13,31,2012-10-26,7314.91,3605.9761758813893,-3708.9338241186106
24,42,2012-10-26,6625.63,6068.406012780507,-557.2239872194932
13,30,2012-10-26,4515.37,3958.8233499517755,-556.5466500482244
39,21,2012-10-26,6628.6,7672.928960461002,1044.3289604610018
24,44,2012-10-26,5604.61,5123.336261581459,-481.27373841854023
13,29,2012-10-26,7365.45,6149.5328212306185,-1215.9171787693813
39,20,2012-10-26,8087.99,7894.058834853798,-193.93116514620215
39,14,2012-10-26,20728.25,20517.351847057118,-210.898152942882
24,46,2012-10-26,14308.81,14395.102524395816,86.29252439581614
24,49,2012-10-26,4844.99,4507.992485191856,-336.99751480814393
13,27,2012-10-26,4528.05,3276.77641408447,-1251.27358591553
39,19,2012-10-26,0.97,33.20607093130213,32.23607093130213
39,18,2012-10-26,25595.0,22371.109737545212,-3223.890262454788
24,50,2012-10-26,595.0,1159.71271320453,564.71271320453
24,52,2012-10-26,1374.53,1215.3872849892798,-159.14271501072017
13,26,2012-10-26,17971.55,17633.4686120483,-338.0813879517009
39,17,2012-10-26,12049.51,13031.877878257385,982.3678782573843
13,25,2012-10-26,28142.58,15335.402240953334,-12807.177759046668
24,55,2012-10-26,11487.57,10552.735482856257,-934.8345171437431
13,24,2012-10-26,17336.4,11665.461766713594,-5670.938233286408
39,16,2012-10-26,12297.05,13893.436089202354,1596.386089202355
24,56,2012-10-26,461.03,1092.3935338021206,631.3635338021206
13,28,2012-10-26,3049.99,1653.6511726573785,-1396.3388273426212
24,12,2012-10-26,4192.44,4355.3793009123365,162.93930091233688
35,33,2012-10-26,11750.73,12999.647382683374,1248.917382683374
35,32,2012-10-26,4598.33,5290.339397696492,692.0093976964918
26,81,2012-10-26,18578.18,20807.52250025632,2229.34250025632
1,33,2012-10-26,6313.48,6143.352851641461,-170.12714835853876
34,71,2012-10-26,2435.5,2213.9354221714575,-221.5645778285425
26,82,2012-10-26,16438.21,15408.242397623118,-1029.9676023768807
11,58,2012-10-26,2915.0,1841.5303002350342,-1073.4696997649658
34,67,2012-10-26,6700.94,7601.695294438589,900.7552944385898
26,83,2012-10-26,2043.14,2518.5425944552985,475.4025944552984
11,56,2012-10-26,1277.31,1732.8879217071724,455.57792170717244
34,65,2012-10-26,41457.76,48196.7587281292,6738.998728129198
26,85,2012-10-26,1664.35,1798.2858878457014,133.93588784570147
11,55,2012-10-26,9679.31,9401.090477204283,-278.21952279571633
45,28,2012-10-26,1206.0,828.1239080032027,-377.8760919967973
34,60,2012-10-26,72.0,89.71461467181508,17.714614671815085
26,87,2012-10-26,25372.67,27019.77013043399,1647.1001304339916
1,91,2012-10-26,55472.46,82040.31394505329,26567.85394505329
26,90,2012-10-26,56582.33,67008.24597825411,10425.91597825411
11,54,2012-10-26,110.64,96.56938022308306,-14.070619776916942
34,59,2012-10-26,243.82,295.37422555773924,51.554225557739244
26,91,2012-10-26,35367.67,39474.85455438264,4107.184554382642
11,52,2012-10-26,3253.44,3509.6975850280073,256.25758502800727
34,56,2012-10-26,469.95,932.5445954948941,462.5945954948941
26,92,2012-10-26,85968.84,95671.99614346489,9703.15614346489
11,49,2012-10-26,8844.27,10012.189039939962,1167.9190399399613
34,55,2012-10-26,8620.67,7306.58877451447,-1314.08122548553
26,93,2012-10-26,23714.72,27476.16952397239,3761.4495239723874
26,94,2012-10-26,38364.02,38351.675637125045,-12.344362874951912
34,54,2012-10-26,14.88,35.9137040284994,21.0337040284994
34,72,2012-10-26,27439.9,36617.90554360345,9178.005543603445
11,59,2012-10-26,258.21,702.7675717057693,444.55757170576936
26,80,2012-10-26,18753.31,19945.652269095044,1192.3422690950429
41,98,2012-10-26,11218.87,11265.483551874519,46.613551874517725
34,90,2012-10-26,46830.95,48677.90532881629,1846.9553288162933
26,52,2012-10-26,1863.11,1521.4503874347076,-341.65961256529226
11,81,2012-10-26,11748.39,13248.474740209973,1500.0847402099735
34,87,2012-10-26,8077.01,8269.995695088153,192.98569508815308
26,55,2012-10-26,6935.85,6446.133743202989,-489.71625679701174
11,80,2012-10-26,12244.35,14149.084880329177,1904.734880329177
34,85,2012-10-26,1277.38,1533.1179308232392,255.73793082323914
26,56,2012-10-26,906.11,1496.5424210660437,590.4324210660437
11,79,2012-10-26,26063.31,30626.093818603953,4562.783818603952
34,83,2012-10-26,2478.48,2902.4330847936017,423.95308479360165
26,59,2012-10-26,130.12,236.71217755268125,106.59217755268125
11,74,2012-10-26,16832.48,21277.12049396332,4444.640493963321
45,29,2012-10-26,3923.41,4150.381063818349,226.97106381834874
11,46,2012-10-26,23057.44,26673.59774374806,3616.157743748063
34,82,2012-10-26,17253.23,17060.58830577498,-192.641694225018
26,67,2012-10-26,6076.42,5530.215676216464,-546.204323783536
11,72,2012-10-26,63717.3,98901.8074984313,35184.507498431296
34,81,2012-10-26,16549.14,16816.12171288221,266.98171288221056
26,71,2012-10-26,2281.08,2369.5711997461303,88.4911997461304
11,71,2012-10-26,8904.88,10813.248082350448,1908.3680823504492
34,80,2012-10-26,12171.4,12100.898577299793,-70.5014227002066
26,72,2012-10-26,44430.12,38853.16065990089,-5576.959340099114
11,67,2012-10-26,8959.07,9554.613106541086,595.5431065410867
34,79,2012-10-26,14284.24,15507.5806444224,1223.3406444224001
26,74,2012-10-26,8643.21,9762.189227516326,1118.9792275163272
34,74,2012-10-26,7031.77,6906.226038452806,-125.54396154719416
26,79,2012-10-26,9013.11,13657.628330319956,4644.518330319956
11,60,2012-10-26,189.0,593.6957068988897,404.69570689888974
26,60,2012-10-26,144.0,210.7908437944381,66.7908437944381
34,52,2012-10-26,1267.62,1401.5534990773815,133.9334990773816
26,95,2012-10-26,66967.51,77275.14465410056,10307.634654100562
11,44,2012-10-26,7879.89,7488.835144946881,-391.05485505311935
34,38,2012-10-26,40344.49,49104.36944558888,8759.879445588886
27,10,2012-10-26,33511.6,35468.750104166815,1957.1501041668162
34,37,2012-10-26,2203.04,2372.3985938120054,169.35859381200544
27,11,2012-10-26,16125.75,16822.371594339347,696.6215943393472
11,31,2012-10-26,1983.83,1958.0010369388015,-25.828963061198465
1,35,2012-10-26,1459.47,1757.0133473799863,297.54334737998624
45,26,2012-10-26,8332.12,9905.56077198272,1573.4407719827195
27,12,2012-10-26,3602.38,3442.4807245544976,-159.89927544550255
11,30,2012-10-26,5206.03,4819.40101345849,-386.62898654151013
34,36,2012-10-26,619.79,717.7409821753974,97.95098217539748
1,90,2012-10-26,84064.59,101987.67839860162,17923.088398601627
27,13,2012-10-26,53524.43,51322.711713559314,-2201.718286440686
11,29,2012-10-26,6945.68,7872.291278622715,926.611278622715
11,32,2012-10-26,8150.62,9145.543188943246,994.9231889432458
27,14,2012-10-26,25627.42,25386.761127075446,-240.65887292455227
34,35,2012-10-26,903.43,1447.8553547119582,544.4253547119582
27,16,2012-10-26,5413.89,5244.406839641144,-169.48316035885637
11,27,2012-10-26,2638.82,2361.1258863145754,-277.6941136854248
34,34,2012-10-26,6244.65,6316.015819683605,71.36581968360497
27,17,2012-10-26,20325.55,18544.772351507258,-1780.7776484927417
27,18,2012-10-26,25771.23,21313.743079648873,-4457.486920351126
11,26,2012-10-26,10504.84,11016.606443502822,511.76644350282186
34,33,2012-10-26,3946.93,3110.538300772687,-836.391699227313
27,19,2012-10-26,1985.16,1778.6851433863828,-206.47485661361725
11,25,2012-10-26,10082.51,10588.316890949527,505.80689094952686
34,32,2012-10-26,4236.17,3592.5433638346663,-643.6266361653338
27,20,2012-10-26,9968.84,10332.065551817115,363.22555181711505
11,24,2012-10-26,8044.8,7259.161136552015,-785.6388634479854
11,28,2012-10-26,1511.44,1072.9144549308737,-438.52554506912634
1,32,2012-10-26,5918.47,6011.458581999684,92.98858199968345
27,9,2012-10-26,28038.06,27605.58765528751,-432.4723447124925
27,8,2012-10-26,47216.92,43116.40477063306,-4100.515229366938
34,49,2012-10-26,3039.8,2246.115127340966,-793.6848726590342
26,96,2012-10-26,16828.71,18211.62237910712,1382.9123791071215
26,97,2012-10-26,13246.7,14879.51643110097,1632.8164311009696
11,42,2012-10-26,5557.46,6075.442665272691,517.9826652726906
34,48,2012-10-26,5679.0,4836.400455985074,-842.5995440149263
1,34,2012-10-26,9972.0,10244.34726008342,272.3472600834193
26,98,2012-10-26,7577.61,9202.235672290886,1624.6256722908865
11,41,2012-10-26,1946.35,1475.680848537232,-470.669151462768
41,99,2012-10-26,29.88,448.2796624577957,418.3996624577957
27,1,2012-10-26,52612.95,31567.750906337853,-21045.199093662144
45,27,2012-10-26,1459.97,1549.0025865014616,89.03258650146154
11,40,2012-10-26,49642.06,54621.30971534777,4979.249715347774
34,46,2012-10-26,14810.59,16353.562220851029,1542.9722208510284
11,33,2012-10-26,7662.38,6162.287944515508,-1500.0920554844924
27,2,2012-10-26,76929.73,77815.00101740983,885.271017409832
27,3,2012-10-26,12431.35,13435.429878492518,1004.0798784925173
11,37,2012-10-26,3701.83,4629.799474235305,927.9694742353049
34,44,2012-10-26,4046.07,3971.5082321464574,-74.56176785354273
27,4,2012-10-26,43600.31,39472.541785375615,-4127.768214624382
11,36,2012-10-26,979.9,920.692104487167,-59.20789551283303
34,42,2012-10-26,4057.83,4223.896170698104,166.06617069810363
27,5,2012-10-26,25572.59,23293.129128624063,-2279.460871375937
27,6,2012-10-26,5339.65,4051.6328265945126,-1288.017173405487
11,35,2012-10-26,3787.6,3659.9688653342046,-127.63113466579534
34,41,2012-10-26,537.46,683.4641605816088,146.00416058160874
27,7,2012-10-26,33897.78,29391.167638574825,-4506.612361425174
11,34,2012-10-26,17753.42,17532.75328902419,-220.6667109758091
34,40,2012-10-26,39153.07,38947.95925708996,-205.11074291003752
11,38,2012-10-26,58593.72,87701.36072064137,29107.64072064137
12,23,2012-10-26,38804.73,34140.227416023125,-4664.502583976879
11,82,2012-10-26,19304.06,23105.918384282882,3801.858384282881
34,91,2012-10-26,34330.26,36897.93143189679,2567.671431896786
26,11,2012-10-26,12248.0,14298.707254197976,2050.707254197976
12,12,2012-10-26,4612.06,4579.673170897313,-32.38682910268744
35,22,2012-10-26,18699.67,22536.574813717438,3836.9048137174395
26,12,2012-10-26,3722.16,4318.906874218868,596.7468742188685
12,11,2012-10-26,14795.79,14481.58859195559,-314.20140804441144
35,21,2012-10-26,2755.56,2898.9079265297596,143.34792652975966
26,13,2012-10-26,21404.9,21854.45829465563,449.55829465562783
1,30,2012-10-26,2830.48,2400.3187974961183,-430.16120250388167
12,10,2012-10-26,15612.01,16983.676581621756,1371.6665816217555
35,20,2012-10-26,8193.81,10356.764102155666,2162.954102155667
26,14,2012-10-26,9983.27,13053.721235693187,3070.4512356931864
12,9,2012-10-26,16937.79,16257.308231946015,-680.4817680539854
35,18,2012-10-26,13855.4,9924.491430885577,-3930.908569114423
26,16,2012-10-26,3929.43,4770.201263585757,840.7712635857574
45,32,2012-10-26,4131.54,2879.670115019714,-1251.8698849802859
35,17,2012-10-26,15590.18,15562.156568921198,-28.023431078801877
26,17,2012-10-26,8358.99,9466.246145492843,1107.2561454928436
12,8,2012-10-26,43391.78,41807.718726612904,-1584.0612733870948
35,16,2012-10-26,222.38,63.202839580781216,-159.17716041921878
26,18,2012-10-26,8100.77,5595.4810423093895,-2505.288957690611
12,7,2012-10-26,30860.6,31114.321034066994,253.72103406699534
35,14,2012-10-26,22116.65,25929.943534307626,3813.293534307624
26,19,2012-10-26,1597.03,1538.3310030100329,-58.6989969899671
12,6,2012-10-26,3179.98,4110.586217863196,930.606217863196
35,13,2012-10-26,31487.59,35651.6187854301,4164.028785430102
26,20,2012-10-26,2702.27,3106.8848413676,404.6148413676001
26,21,2012-10-26,5651.55,5291.555066377003,-359.99493362299745
26,10,2012-10-26,8421.15,10766.272100329668,2345.1221003296687
35,23,2012-10-26,36645.68,38733.54069686638,2087.8606968663807
12,13,2012-10-26,45846.87,47097.04820940395,1250.1782094039445
26,9,2012-10-26,17203.65,16505.89355016772,-697.7564498322827
12,22,2012-10-26,8562.98,9531.833760265621,968.8537602656215
35,31,2012-10-26,3621.67,3919.885587559723,298.21558755972274
12,21,2012-10-26,3650.35,3854.937544948999,204.58754494899904
35,30,2012-10-26,3619.99,4700.56211623736,1080.5721162373602
1,29,2012-10-26,4077.2,4400.36202849868,323.16202849868023
26,1,2012-10-26,23949.13,20949.929703492304,-2999.200296507697
12,20,2012-10-26,5347.41,6014.126408085695,666.7164080856955
26,2,2012-10-26,26726.13,27301.122661847352,574.992661847351
35,29,2012-10-26,8356.5,7874.684291200172,-481.8157087998279
26,3,2012-10-26,5584.94,6239.425053148317,654.4850531483171
12,19,2012-10-26,3131.42,2918.656144874536,-212.76385512546403
35,28,2012-10-26,1208.87,1137.9751828303208,-70.89481716967907
26,4,2012-10-26,24704.77,25700.224812597146,995.4548125971451
12,5,2012-10-26,23771.22,26371.284982176792,2600.064982176791
12,18,2012-10-26,33217.2,19287.755096828376,-13929.444903171621
45,33,2012-10-26,5291.62,5358.3335523358355,66.71355233583563
26,5,2012-10-26,16452.91,15135.47987841682,-1317.4301215831802
12,17,2012-10-26,9926.86,13154.936450258945,3228.0764502589445
35,26,2012-10-26,13486.77,16715.237705581756,3228.4677055817556
26,6,2012-10-26,2596.09,3739.250315137954,1143.160315137954
35,25,2012-10-26,14510.04,17341.137222887468,2831.097222887467
26,7,2012-10-26,12859.0,13895.426251556657,1036.426251556657
12,16,2012-10-26,3083.34,4303.7146411517515,1220.3746411517513
41,96,2012-10-26,2627.65,3098.0486468130566,470.39864681305653
26,8,2012-10-26,29359.34,29138.072490585713,-221.2675094142869
12,14,2012-10-26,17934.71,16855.918199297994,-1078.7918007020053
35,24,2012-10-26,10363.85,12414.7263321242,2050.8763321242004
1,93,2012-10-26,66622.89,93627.97807077575,27005.088070775746
35,27,2012-10-26,1891.06,2218.979460134853,327.9194601348531
35,12,2012-10-26,1950.78,2197.1751715570413,246.3951715570413
26,22,2012-10-26,5897.86,7462.646919273341,1564.7869192733415
12,4,2012-10-26,25702.59,28445.59955789446,2743.00955789446
35,1,2012-10-26,25693.46,19300.13743490111,-6393.32256509889
26,34,2012-10-26,7763.88,8826.339916380119,1062.4599163801186
26,35,2012-10-26,1754.69,2117.534050446369,362.8440504463688
11,93,2012-10-26,27229.43,35208.63005465373,7979.200054653731
1,92,2012-10-26,132155.74,173140.75030151455,40985.01030151456
34,98,2012-10-26,9005.61,9412.473412144436,406.86341214443564
26,36,2012-10-26,880.43,897.5201708967289,17.090170896728978
11,92,2012-10-26,71189.31,92659.21795107774,21469.907951077737
34,97,2012-10-26,18521.65,20095.11038297353,1573.4603829735279
26,38,2012-10-26,86813.55,108791.18023994745,21977.63023994745
11,91,2012-10-26,35361.01,41453.49822890201,6092.48822890201
26,40,2012-10-26,36454.82,38733.77527581378,2278.9552758137797
34,96,2012-10-26,23704.32,21622.180412253656,-2082.1395877463438
11,94,2012-10-26,37072.33,39103.51861240789,2031.1886124078883
45,30,2012-10-26,1992.0,2317.9110436945844,325.91104369458435
11,90,2012-10-26,44530.77,49286.24824632599,4755.478246325991
34,95,2012-10-26,68644.81,70217.37259702543,1572.5625970254332
26,42,2012-10-26,2918.55,3260.4245132862047,341.87451328620455
11,87,2012-10-26,17412.14,16959.536365503533,-452.60363449646684
34,94,2012-10-26,39055.63,38732.10178517688,-323.5282148231199
26,44,2012-10-26,5347.21,4167.38213868162,-1179.8278613183802
11,85,2012-10-26,1580.24,1685.2745412007846,105.03454120078459
34,93,2012-10-26,32093.5,34751.193894205266,2657.6938942052657
26,46,2012-10-26,9999.77,9309.067611329441,-690.7023886705592
26,47,2012-10-26,35.92,295.29102160674256,259.37102160674254
11,83,2012-10-26,2221.91,3863.5216050611825,1641.6116050611827
34,92,2012-10-26,72991.31,82957.01802724344,9965.70802724344
26,48,2012-10-26,496.0,808.4142743831815,312.41427438318146
26,41,2012-10-26,497.03,578.0505373277971,81.02053732779711
26,49,2012-10-26,3230.7,4124.698665135787,893.9986651357876
26,33,2012-10-26,3145.38,2997.0075438300382,-148.37245616996188
11,95,2012-10-26,65344.85,95573.99838251773,30229.148382517735
35,11,2012-10-26,11101.9,20090.682491396215,8988.782491396216
26,23,2012-10-26,14525.28,15160.998377949496,635.7183779494953
12,3,2012-10-26,10252.99,13538.947860260485,3285.957860260485
35,10,2012-10-26,15071.72,15353.744380140057,282.0243801400575
26,24,2012-10-26,2707.95,2476.474788826932,-231.4752111730677
12,2,2012-10-26,73961.07,81809.62275240256,7848.552752402553
35,9,2012-10-26,13630.92,10283.223676089907,-3347.6963239100933
26,25,2012-10-26,5442.85,7070.590019222101,1627.7400192221003
35,8,2012-10-26,20084.18,22371.36350440963,2287.1835044096297
26,26,2012-10-26,3817.41,4298.450782368574,481.0407823685746
12,1,2012-10-26,25883.95,18428.094192927725,-7455.855807072276
1,31,2012-10-26,1413.51,1505.6424412471863,92.1324412471863
35,7,2012-10-26,25195.73,22302.961992628614,-2892.7680073713855
35,2,2012-10-26,46016.07,47842.41871766031,1826.3487176603085
26,27,2012-10-26,1594.85,1489.514844441965,-105.33515555803501
35,6,2012-10-26,2002.85,3227.593159863216,1224.743159863216
26,28,2012-10-26,708.67,676.9583322647604,-31.71166773523953
11,98,2012-10-26,9646.8,10124.071456358657,477.2714563586578
35,5,2012-10-26,19590.53,20098.95397700246,508.42397700246147
26,29,2012-10-26,3821.2,3812.9237517702563,-8.276248229743487
11,97,2012-10-26,14020.34,16978.967640601568,2958.6276406015677
35,4,2012-10-26,19932.02,17828.086831320215,-2103.933168679785
26,30,2012-10-26,2287.9,2365.0344544875074,77.13445448750736
26,31,2012-10-26,1335.68,1452.683339058521,117.00333905852085
11,96,2012-10-26,21321.86,21225.698266149946,-96.16173385005459
35,3,2012-10-26,8319.5,9333.523621761382,1014.023621761382
41,97,2012-10-26,20661.76,21826.429365280408,1164.6693652804097
26,32,2012-10-26,3695.64,3089.0601848784972,-606.5798151215026
45,31,2012-10-26,1903.56,2386.1203044005415,482.56030440054155
45,98,2012-10-26,1076.8,858.6079049015982,-218.19209509840175
